date,revenue,cost,units_sold,profit,margin,revenue_per_unit,year,month,region_North,region_South,region_West,product_Product B,product_Product C,product_Product D,product_Product E
2022-01-01,12000,7000,300,5000,0.4166666666666667,40.0,2022,1,True,False,False,False,False,False,False
2022-01-01,9500,5800,250,3700,0.3894736842105263,38.0,2022,1,True,False,False,True,False,False,False
2022-01-01,13500,7600,320,5900,0.43703703703703706,42.1875,2022,1,True,False,False,False,True,False,False
2022-01-01,11000,6500,280,4500,0.4090909090909091,39.285714285714285,2022,1,True,False,False,False,False,True,False
2022-01-01,14500,8200,340,6300,0.43448275862068964,42.64705882352941,2022,1,True,False,False,False,False,False,True
2022-01-01,11553,5996,337,5557,0.4810006059032286,34.281899109792285,2022,1,False,True,False,False,False,False,False
2022-01-01,13878,6798,314,7080,0.5101599654128837,44.197452229299365,2022,1,False,True,False,True,False,False,False
2022-01-01,13835,7401,289,6434,0.4650524033249006,47.8719723183391,2022,1,False,True,False,False,True,False,False
2022-01-01,13905,7868,254,6037,0.4341603739661992,54.74409448818898,2022,1,False,True,False,False,False,True,False
2022-01-01,12890,7488,253,5402,0.4190845616757176,50.948616600790515,2022,1,False,True,False,False,False,False,True
2022-01-01,11354,6079,287,5275,0.4645939756913863,39.5609756097561,2022,1,False,False,False,False,False,False,False
2022-01-01,11751,6302,328,5449,0.46370521657731256,35.826219512195124,2022,1,False,False,False,True,False,False,False
2022-01-01,13416,6378,256,7038,0.524597495527728,52.40625,2022,1,False,False,False,False,True,False,False
2022-01-01,9779,7521,255,2258,0.23090295531240412,38.34901960784314,2022,1,False,False,False,False,False,True,False
2022-01-01,13570,7226,302,6344,0.4675018422991894,44.93377483443709,2022,1,False,False,False,False,False,False,True
2022-01-01,11866,5872,252,5994,0.5051407382437215,47.08730158730159,2022,1,False,False,True,False,False,False,False
2022-01-01,10810,7529,258,3281,0.3035152636447734,41.89922480620155,2022,1,False,False,True,True,False,False,False
2022-01-01,12516,7836,316,4680,0.37392138063279,39.607594936708864,2022,1,False,False,True,False,True,False,False
2022-01-01,12657,6275,290,6382,0.504226910010271,43.644827586206894,2022,1,False,False,True,False,False,True,False
2022-01-01,12433,6004,284,6429,0.5170916110351484,43.778169014084504,2022,1,False,False,True,False,False,False,True
2022-02-01,9627,8184,260,1443,0.14989093175444063,37.026923076923076,2022,2,True,False,False,False,False,False,False
2022-02-01,9680,5826,312,3854,0.3981404958677686,31.025641025641026,2022,2,True,False,False,True,False,False,False
2022-02-01,13201,6758,339,6443,0.48806908567532764,38.94100294985251,2022,2,True,False,False,False,True,False,False
2022-02-01,11995,6322,260,5673,0.4729470612755315,46.13461538461539,2022,2,True,False,False,False,False,True,False
2022-02-01,11573,6920,251,4653,0.40205651084420635,46.10756972111554,2022,2,True,False,False,False,False,False,True
2022-02-01,9758,6986,274,2772,0.28407460545193686,35.613138686131386,2022,2,False,True,False,False,False,False,False
2022-02-01,9581,7263,332,2318,0.24193716731030163,28.85843373493976,2022,2,False,True,False,True,False,False,False
2022-02-01,9943,6850,299,3093,0.3110731167655637,33.25418060200669,2022,2,False,True,False,False,True,False,False
2022-02-01,10553,6307,265,4246,0.40235004264190277,39.822641509433964,2022,2,False,True,False,False,False,True,False
2022-02-01,9627,7318,317,2309,0.23984626571102108,30.369085173501578,2022,2,False,True,False,False,False,False,True
2022-02-01,13941,8156,281,5785,0.41496305860411736,49.612099644128115,2022,2,False,False,False,False,False,False,False
2022-02-01,13732,8183,254,5549,0.4040926303524614,54.06299212598425,2022,2,False,False,False,True,False,False,False
2022-02-01,13533,6703,276,6830,0.5046922337988621,49.03260869565217,2022,2,False,False,False,False,True,False,False
2022-02-01,12585,7676,292,4909,0.39006754072308303,43.09931506849315,2022,2,False,False,False,False,False,True,False
2022-02-01,12703,7193,263,5510,0.4337558057151854,48.30038022813688,2022,2,False,False,False,False,False,False,True
2022-02-01,13233,8124,253,5109,0.38608025391067785,52.30434782608695,2022,2,False,False,True,False,False,False,False
2022-02-01,13478,7080,314,6398,0.4746995103131028,42.92356687898089,2022,2,False,False,True,True,False,False,False
2022-02-01,12101,6370,303,5731,0.4735972233699694,39.93729372937294,2022,2,False,False,True,False,True,False,False
2022-02-01,11163,7606,284,3557,0.3186419421302517,39.306338028169016,2022,2,False,False,True,False,False,True,False
2022-02-01,13618,6777,284,6841,0.5023498311058893,47.95070422535211,2022,2,False,False,True,False,False,False,True
2022-03-01,13310,6945,292,6365,0.47821187077385424,45.582191780821915,2022,3,True,False,False,False,False,False,False
2022-03-01,9536,7144,308,2392,0.25083892617449666,30.961038961038962,2022,3,True,False,False,True,False,False,False
2022-03-01,11675,6202,252,5473,0.46877944325481796,46.32936507936508,2022,3,True,False,False,False,True,False,False
2022-03-01,10175,7228,301,2947,0.28963144963144966,33.80398671096346,2022,3,True,False,False,False,False,True,False
2022-03-01,13964,7066,324,6898,0.4939845316528215,43.098765432098766,2022,3,True,False,False,False,False,False,True
2022-03-01,12032,6554,326,5478,0.4552859042553192,36.9079754601227,2022,3,False,True,False,False,False,False,False
2022-03-01,12478,6884,277,5594,0.44830902388203236,45.04693140794224,2022,3,False,True,False,True,False,False,False
2022-03-01,12135,6154,290,5981,0.49287185826122787,41.8448275862069,2022,3,False,True,False,False,True,False,False
2022-03-01,12139,7003,330,5136,0.4230991020677156,36.78484848484848,2022,3,False,True,False,False,False,True,False
2022-03-01,12461,7160,333,5301,0.42540727068453577,37.42042042042042,2022,3,False,True,False,False,False,False,True
2022-03-01,13412,8197,299,5215,0.38883089770354906,44.8561872909699,2022,3,False,False,False,False,False,False,False
2022-03-01,9902,6870,252,3032,0.30620076752171277,39.29365079365079,2022,3,False,False,False,True,False,False,False
2022-03-01,10637,6018,335,4619,0.4342389771552129,31.752238805970148,2022,3,False,False,False,False,True,False,False
2022-03-01,9922,8128,301,1794,0.1808103204998992,32.96345514950166,2022,3,False,False,False,False,False,True,False
2022-03-01,10379,7505,272,2874,0.2769052895269294,38.158088235294116,2022,3,False,False,False,False,False,False,True
2022-03-01,12920,6755,329,6165,0.4771671826625387,39.27051671732523,2022,3,False,False,True,False,False,False,False
2022-03-01,13462,6786,297,6676,0.4959144257911157,45.32659932659933,2022,3,False,False,True,True,False,False,False
2022-03-01,14241,7970,265,6271,0.44034829014816373,53.739622641509435,2022,3,False,False,True,False,True,False,False
2022-03-01,11530,6398,334,5132,0.44509973980919343,34.52095808383233,2022,3,False,False,True,False,False,True,False
2022-03-01,10283,6058,263,4225,0.4108723135271808,39.09885931558935,2022,3,False,False,True,False,False,False,True
2022-04-01,13720,6838,290,6882,0.501603498542274,47.310344827586206,2022,4,True,False,False,False,False,False,False
2022-04-01,13171,7663,329,5508,0.4181914812846405,40.03343465045592,2022,4,True,False,False,True,False,False,False
2022-04-01,11133,6268,299,4865,0.4369891314111201,37.23411371237458,2022,4,True,False,False,False,True,False,False
2022-04-01,10094,7146,283,2948,0.2920546859520507,35.667844522968196,2022,4,True,False,False,False,False,True,False
2022-04-01,14188,8128,307,6060,0.4271215111361714,46.214983713355046,2022,4,True,False,False,False,False,False,True
2022-04-01,9973,6423,302,3550,0.35596109495638223,33.02317880794702,2022,4,False,True,False,False,False,False,False
2022-04-01,13302,7117,295,6185,0.46496767403397987,45.09152542372881,2022,4,False,True,False,True,False,False,False
2022-04-01,11729,8035,317,3694,0.3149458606871856,37.0,2022,4,False,True,False,False,True,False,False
2022-04-01,9894,7867,295,2027,0.20487163937740044,33.538983050847456,2022,4,False,True,False,False,False,True,False
2022-04-01,12439,6217,339,6222,0.5002009807862369,36.693215339233035,2022,4,False,True,False,False,False,False,True
2022-04-01,11002,7393,326,3609,0.3280312670423559,33.74846625766871,2022,4,False,False,False,False,False,False,False
2022-04-01,11925,8026,272,3899,0.3269601677148847,43.841911764705884,2022,4,False,False,False,True,False,False,False
2022-04-01,10358,6973,310,3385,0.32680054064491215,33.41290322580645,2022,4,False,False,False,False,True,False,False
2022-04-01,10460,6529,286,3931,0.3758126195028681,36.57342657342657,2022,4,False,False,False,False,False,True,False
2022-04-01,9949,7582,308,2367,0.23791335812644487,32.30194805194805,2022,4,False,False,False,False,False,False,True
2022-04-01,13960,7210,257,6750,0.4835243553008596,54.31906614785992,2022,4,False,False,True,False,False,False,False
2022-04-01,10422,5940,311,4482,0.43005181347150256,33.51125401929261,2022,4,False,False,True,True,False,False,False
2022-04-01,12558,6791,270,5767,0.45922917662048096,46.51111111111111,2022,4,False,False,True,False,True,False,False
2022-04-01,10951,7116,286,3835,0.3501963291023651,38.29020979020979,2022,4,False,False,True,False,False,True,False
2022-04-01,11410,6480,290,4930,0.43207712532865905,39.3448275862069,2022,4,False,False,True,False,False,False,True
2022-05-01,11913,7715,299,4198,0.3523881474019978,39.84280936454849,2022,5,True,False,False,False,False,False,False
2022-05-01,10458,6362,251,4096,0.39166188563778925,41.66533864541832,2022,5,True,False,False,True,False,False,False
2022-05-01,11770,8088,251,3682,0.3128292268479184,46.89243027888446,2022,5,True,False,False,False,True,False,False
2022-05-01,14100,7280,331,6820,0.4836879432624113,42.59818731117825,2022,5,True,False,False,False,False,True,False
2022-05-01,9975,7266,324,2709,0.27157894736842103,30.787037037037038,2022,5,True,False,False,False,False,False,True
2022-05-01,13985,7067,325,6918,0.49467286378262426,43.03076923076923,2022,5,False,True,False,False,False,False,False
2022-05-01,10249,7225,284,3024,0.2950531759196019,36.08802816901409,2022,5,False,True,False,True,False,False,False
2022-05-01,12925,7758,268,5167,0.3997678916827853,48.22761194029851,2022,5,False,True,False,False,True,False,False
2022-05-01,13234,6101,323,7133,0.5389904790690645,40.972136222910216,2022,5,False,True,False,False,False,True,False
2022-05-01,11068,7906,267,3162,0.28568847126852187,41.453183520599254,2022,5,False,True,False,False,False,False,True
2022-05-01,14173,7437,257,6736,0.47526987934805615,55.14785992217899,2022,5,False,False,False,False,False,False,False
2022-05-01,12372,7199,339,5173,0.41812156482379564,36.49557522123894,2022,5,False,False,False,True,False,False,False
2022-05-01,12543,7943,278,4600,0.366738419835765,45.118705035971225,2022,5,False,False,False,False,True,False,False
2022-05-01,12210,7219,303,4991,0.40876330876330874,40.2970297029703,2022,5,False,False,False,False,False,True,False
2022-05-01,12776,7341,303,5435,0.4254070131496556,42.165016501650165,2022,5,False,False,False,False,False,False,True
2022-05-01,10041,6099,340,3942,0.39259037944427844,29.53235294117647,2022,5,False,False,True,False,False,False,False
2022-05-01,10771,7011,265,3760,0.34908550738093025,40.64528301886792,2022,5,False,False,True,True,False,False,False
2022-05-01,10123,6686,287,3437,0.3395238565642596,35.271777003484324,2022,5,False,False,True,False,True,False,False
2022-05-01,9687,7595,260,2092,0.21595953339527202,37.25769230769231,2022,5,False,False,True,False,False,True,False
2022-05-01,10814,7175,305,3639,0.3365082300721287,35.455737704918036,2022,5,False,False,True,False,False,False,True
2022-06-01,12199,6464,272,5735,0.4701205016804656,44.849264705882355,2022,6,True,False,False,False,False,False,False
2022-06-01,13329,7599,325,5730,0.42988971415710103,41.012307692307694,2022,6,True,False,False,True,False,False,False
2022-06-01,9961,7517,292,2444,0.24535689187832546,34.113013698630134,2022,6,True,False,False,False,True,False,False
2022-06-01,11752,7003,304,4749,0.40410142954390743,38.6578947368421,2022,6,True,False,False,False,False,True,False
2022-06-01,13489,6108,273,7381,0.5471865964860256,49.41025641025641,2022,6,True,False,False,False,False,False,True
2022-06-01,9757,8062,287,1695,0.17372143076765398,33.99651567944251,2022,6,False,True,False,False,False,False,False
2022-06-01,13516,6263,265,7253,0.5366232613199171,51.00377358490566,2022,6,False,True,False,True,False,False,False
2022-06-01,13873,6728,307,7145,0.5150291933972464,45.188925081433226,2022,6,False,True,False,False,True,False,False
2022-06-01,13517,8034,255,5483,0.40563734556484426,53.0078431372549,2022,6,False,True,False,False,False,True,False
2022-06-01,9833,7945,277,1888,0.19200650869521002,35.498194945848375,2022,6,False,True,False,False,False,False,True
2022-06-01,10789,5960,252,4829,0.44758550375382333,42.81349206349206,2022,6,False,False,False,False,False,False,False
2022-06-01,13404,7401,296,6003,0.44785138764547894,45.28378378378378,2022,6,False,False,False,True,False,False,False
2022-06-01,12252,7194,334,5058,0.4128305582761998,36.68263473053892,2022,6,False,False,False,False,True,False,False
2022-06-01,13130,7381,268,5749,0.43785224676313783,48.992537313432834,2022,6,False,False,False,False,False,True,False
2022-06-01,10574,7494,264,3080,0.2912804993379989,40.053030303030305,2022,6,False,False,False,False,False,False,True
2022-06-01,11069,5801,256,5268,0.475923751016352,43.23828125,2022,6,False,False,True,False,False,False,False
2022-06-01,11578,7454,292,4124,0.3561927794092244,39.65068493150685,2022,6,False,False,True,True,False,False,False
2022-06-01,10442,6905,292,3537,0.338728212986018,35.76027397260274,2022,6,False,False,True,False,True,False,False
2022-06-01,13541,7824,334,5717,0.4221992467321468,40.541916167664674,2022,6,False,False,True,False,False,True,False
2022-06-01,13014,8159,313,4855,0.3730597817734747,41.57827476038339,2022,6,False,False,True,False,False,False,True
2022-07-01,10772,7681,296,3091,0.2869476420349053,36.391891891891895,2022,7,True,False,False,False,False,False,False
2022-07-01,12537,7719,315,4818,0.38430246470447477,39.8,2022,7,True,False,False,True,False,False,False
2022-07-01,13263,8103,253,5160,0.3890522506220312,52.42292490118577,2022,7,True,False,False,False,True,False,False
2022-07-01,9507,7290,273,2217,0.23319659198485326,34.824175824175825,2022,7,True,False,False,False,False,True,False
2022-07-01,12307,7902,298,4405,0.35792638335906396,41.29865771812081,2022,7,True,False,False,False,False,False,True
2022-07-01,9530,7843,284,1687,0.1770199370409234,33.556338028169016,2022,7,False,True,False,False,False,False,False
2022-07-01,11190,6335,339,4855,0.43386952636282394,33.008849557522126,2022,7,False,True,False,True,False,False,False
2022-07-01,14274,5945,330,8329,0.5835084769510999,43.25454545454546,2022,7,False,True,False,False,True,False,False
2022-07-01,14034,7029,296,7005,0.49914493373236424,47.41216216216216,2022,7,False,True,False,False,False,True,False
2022-07-01,10147,6213,339,3934,0.3877007982654972,29.932153392330385,2022,7,False,True,False,False,False,False,True
2022-07-01,12011,7269,284,4742,0.39480476230122385,42.29225352112676,2022,7,False,False,False,False,False,False,False
2022-07-01,12782,6426,338,6356,0.49726177437020813,37.81656804733728,2022,7,False,False,False,True,False,False,False
2022-07-01,10154,8196,308,1958,0.19283041166042938,32.967532467532465,2022,7,False,False,False,False,True,False,False
2022-07-01,14210,5849,258,8361,0.5883884588318086,55.07751937984496,2022,7,False,False,False,False,False,True,False
2022-07-01,10317,7485,339,2832,0.2744984006978773,30.43362831858407,2022,7,False,False,False,False,False,False,True
2022-07-01,10355,7755,315,2600,0.2510864316755191,32.87301587301587,2022,7,False,False,True,False,False,False,False
2022-07-01,13898,8110,302,5788,0.41646280040293565,46.019867549668874,2022,7,False,False,True,True,False,False,False
2022-07-01,11511,6218,287,5293,0.4598210407436365,40.10801393728223,2022,7,False,False,True,False,True,False,False
2022-07-01,12336,7646,292,4690,0.38018806744487676,42.24657534246575,2022,7,False,False,True,False,False,True,False
2022-07-01,11643,6969,307,4674,0.4014429270806493,37.925081433224754,2022,7,False,False,True,False,False,False,True
2022-08-01,9680,7432,303,2248,0.2322314049586777,31.94719471947195,2022,8,True,False,False,False,False,False,False
2022-08-01,11736,8048,313,3688,0.31424676209952285,37.49520766773163,2022,8,True,False,False,True,False,False,False
2022-08-01,9988,6435,322,3553,0.355726872246696,31.018633540372672,2022,8,True,False,False,False,True,False,False
2022-08-01,12316,6593,301,5723,0.46468009093861645,40.91694352159468,2022,8,True,False,False,False,False,True,False
2022-08-01,12697,7755,277,4942,0.38922580137040247,45.83754512635379,2022,8,True,False,False,False,False,False,True
2022-08-01,14064,6909,325,7155,0.5087457337883959,43.27384615384615,2022,8,False,True,False,False,False,False,False
2022-08-01,14061,8097,270,5964,0.42415190953701726,52.077777777777776,2022,8,False,True,False,True,False,False,False
2022-08-01,11052,6224,305,4828,0.43684401013391244,36.23606557377049,2022,8,False,True,False,False,True,False,False
2022-08-01,14050,7264,262,6786,0.48298932384341636,53.62595419847328,2022,8,False,True,False,False,False,True,False
2022-08-01,12960,6602,321,6358,0.4905864197530864,40.373831775700936,2022,8,False,True,False,False,False,False,True
2022-08-01,9705,6650,289,3055,0.3147861926841834,33.581314878892734,2022,8,False,False,False,False,False,False,False
2022-08-01,14086,6669,291,7417,0.5265511855743291,48.40549828178694,2022,8,False,False,False,True,False,False,False
2022-08-01,11504,7266,286,4238,0.3683936022253129,40.22377622377623,2022,8,False,False,False,False,True,False,False
2022-08-01,13421,8028,262,5393,0.4018329483645034,51.225190839694655,2022,8,False,False,False,False,False,True,False
2022-08-01,14062,7798,264,6264,0.44545583842981085,53.265151515151516,2022,8,False,False,False,False,False,False,True
2022-08-01,12215,6512,333,5703,0.46688497748669666,36.68168168168168,2022,8,False,False,True,False,False,False,False
2022-08-01,9574,5947,333,3627,0.3788385209943597,28.75075075075075,2022,8,False,False,True,True,False,False,False
2022-08-01,11130,6550,307,4580,0.4115004492362983,36.25407166123779,2022,8,False,False,True,False,True,False,False
2022-08-01,11304,6550,328,4754,0.4205590941259731,34.46341463414634,2022,8,False,False,True,False,False,True,False
2022-08-01,11813,6205,309,5608,0.4747312283077965,38.22977346278317,2022,8,False,False,True,False,False,False,True
2022-09-01,12227,7894,305,4333,0.3543796515907418,40.088524590163935,2022,9,True,False,False,False,False,False,False
2022-09-01,11737,8175,317,3562,0.3034847064837693,37.02523659305994,2022,9,True,False,False,True,False,False,False
2022-09-01,11752,6647,253,5105,0.43439414567733153,46.45059288537549,2022,9,True,False,False,False,True,False,False
2022-09-01,12538,6052,285,6486,0.5173073855479343,43.99298245614035,2022,9,True,False,False,False,False,True,False
2022-09-01,13270,6958,288,6312,0.47565938206480785,46.076388888888886,2022,9,True,False,False,False,False,False,True
2022-09-01,11406,7107,250,4299,0.37690689110994213,45.624,2022,9,False,True,False,False,False,False,False
2022-09-01,11394,7981,313,3413,0.29954361944883273,36.40255591054313,2022,9,False,True,False,True,False,False,False
2022-09-01,12446,7721,293,4725,0.3796400449943757,42.477815699658706,2022,9,False,True,False,False,True,False,False
2022-09-01,13461,7281,278,6180,0.45910407844885226,48.42086330935252,2022,9,False,True,False,False,False,True,False
2022-09-01,13857,6290,315,7567,0.5460777946164393,43.99047619047619,2022,9,False,True,False,False,False,False,True
2022-09-01,11408,6642,282,4766,0.41777699859747547,40.45390070921986,2022,9,False,False,False,False,False,False,False
2022-09-01,10195,6986,267,3209,0.31476213830308974,38.18352059925093,2022,9,False,False,False,True,False,False,False
2022-09-01,14356,5853,337,8503,0.5922959041515743,42.59940652818991,2022,9,False,False,False,False,True,False,False
2022-09-01,12626,6288,293,6338,0.5019800411848566,43.092150170648466,2022,9,False,False,False,False,False,True,False
2022-09-01,14159,7200,288,6959,0.4914895119711844,49.16319444444444,2022,9,False,False,False,False,False,False,True
2022-09-01,9507,8032,323,1475,0.1551488376985379,29.43343653250774,2022,9,False,False,True,False,False,False,False
2022-09-01,11526,8143,288,3383,0.2935103244837758,40.020833333333336,2022,9,False,False,True,True,False,False,False
2022-09-01,13369,7590,274,5779,0.43226868127758244,48.79197080291971,2022,9,False,False,True,False,True,False,False
2022-09-01,11876,6403,290,5473,0.4608454024924217,40.95172413793104,2022,9,False,False,True,False,False,True,False
2022-09-01,14029,5924,337,8105,0.5777318411861144,41.62908011869436,2022,9,False,False,True,False,False,False,True
2022-10-01,13321,6647,273,6674,0.5010134374296225,48.794871794871796,2022,10,True,False,False,False,False,False,False
2022-10-01,10753,8189,260,2564,0.23844508509253232,41.35769230769231,2022,10,True,False,False,True,False,False,False
2022-10-01,13733,6961,289,6772,0.49311876501856844,47.51903114186851,2022,10,True,False,False,False,True,False,False
2022-10-01,14361,6349,290,8012,0.5578998676972355,49.52068965517241,2022,10,True,False,False,False,False,True,False
2022-10-01,11997,6355,256,5642,0.4702842377260982,46.86328125,2022,10,True,False,False,False,False,False,True
2022-10-01,11472,5821,307,5651,0.49259065550906556,37.36807817589577,2022,10,False,True,False,False,False,False,False
2022-10-01,11321,5983,328,5338,0.47151311721579364,34.515243902439025,2022,10,False,True,False,True,False,False,False
2022-10-01,10871,7417,259,3454,0.3177260601600589,41.972972972972975,2022,10,False,True,False,False,True,False,False
2022-10-01,10489,7270,309,3219,0.30689293545619223,33.944983818770226,2022,10,False,True,False,False,False,True,False
2022-10-01,12546,7720,328,4826,0.3846644348796429,38.25,2022,10,False,True,False,False,False,False,True
2022-10-01,10732,8001,272,2731,0.2544726052925829,39.455882352941174,2022,10,False,False,False,False,False,False,False
2022-10-01,11637,8020,279,3617,0.3108189395892412,41.70967741935484,2022,10,False,False,False,True,False,False,False
2022-10-01,13662,6346,272,7316,0.5354999268042746,50.22794117647059,2022,10,False,False,False,False,True,False,False
2022-10-01,10656,8162,290,2494,0.23404654654654655,36.744827586206895,2022,10,False,False,False,False,False,True,False
2022-10-01,11571,7322,289,4249,0.36721113127646704,40.03806228373703,2022,10,False,False,False,False,False,False,True
2022-10-01,11679,7491,304,4188,0.35859234523503725,38.41776315789474,2022,10,False,False,True,False,False,False,False
2022-10-01,14242,7536,296,6706,0.4708608341525067,48.11486486486486,2022,10,False,False,True,True,False,False,False
2022-10-01,10522,6867,331,3655,0.3473674206424634,31.788519637462237,2022,10,False,False,True,False,True,False,False
2022-10-01,13428,6252,264,7176,0.5344057193923145,50.86363636363637,2022,10,False,False,True,False,False,True,False
2022-10-01,12871,6927,316,5944,0.46181337891383734,40.73101265822785,2022,10,False,False,True,False,False,False,True
2022-11-01,11243,7751,251,3492,0.31059325802721693,44.79282868525896,2022,11,True,False,False,False,False,False,False
2022-11-01,12104,6129,260,5975,0.4936384666226041,46.55384615384615,2022,11,True,False,False,True,False,False,False
2022-11-01,10418,6743,311,3675,0.35275484737953544,33.4983922829582,2022,11,True,False,False,False,True,False,False
2022-11-01,13057,7603,298,5454,0.4177069771004059,43.81543624161074,2022,11,True,False,False,False,False,True,False
2022-11-01,12816,6860,331,5956,0.4647315855181024,38.7190332326284,2022,11,True,False,False,False,False,False,True
2022-11-01,12754,7184,280,5570,0.4367257331033401,45.55,2022,11,False,True,False,False,False,False,False
2022-11-01,12578,6211,263,6367,0.5062013038638893,47.82509505703422,2022,11,False,True,False,True,False,False,False
2022-11-01,12094,7458,259,4636,0.3833305771456921,46.69498069498069,2022,11,False,True,False,False,True,False,False
2022-11-01,11806,7167,288,4639,0.3929357953582924,40.99305555555556,2022,11,False,True,False,False,False,True,False
2022-11-01,13948,7509,323,6439,0.4616432463435618,43.18266253869969,2022,11,False,True,False,False,False,False,True
2022-11-01,13734,7505,308,6229,0.4535459443716324,44.59090909090909,2022,11,False,False,False,False,False,False,False
2022-11-01,12346,7578,262,4768,0.38619795885306984,47.12213740458015,2022,11,False,False,False,True,False,False,False
2022-11-01,13872,7924,308,5948,0.42877739331026526,45.03896103896104,2022,11,False,False,False,False,True,False,False
2022-11-01,13918,6174,260,7744,0.5564017818652105,53.53076923076923,2022,11,False,False,False,False,False,True,False
2022-11-01,14464,8097,259,6367,0.4401963495575221,55.84555984555985,2022,11,False,False,False,False,False,False,True
2022-11-01,10981,6758,324,4223,0.3845733539750478,33.891975308641975,2022,11,False,False,True,False,False,False,False
2022-11-01,12325,6280,270,6045,0.4904665314401623,45.648148148148145,2022,11,False,False,True,True,False,False,False
2022-11-01,14043,7344,282,6699,0.4770348216193121,49.797872340425535,2022,11,False,False,True,False,True,False,False
2022-11-01,11950,6541,250,5409,0.45263598326359833,47.8,2022,11,False,False,True,False,False,True,False
2022-11-01,13291,6292,333,6999,0.5265969453013317,39.912912912912915,2022,11,False,False,True,False,False,False,True
2022-12-01,10681,6397,271,4284,0.40108604063289954,39.413284132841326,2022,12,True,False,False,False,False,False,False
2022-12-01,9713,8100,284,1613,0.16606609698342428,34.20070422535211,2022,12,True,False,False,True,False,False,False
2022-12-01,10356,6170,329,4186,0.4042101197373503,31.477203647416413,2022,12,True,False,False,False,True,False,False
2022-12-01,11695,6436,258,5259,0.4496793501496366,45.32945736434109,2022,12,True,False,False,False,False,True,False
2022-12-01,13708,6363,259,7345,0.5358185001459002,52.92664092664093,2022,12,True,False,False,False,False,False,True
2022-12-01,10061,8153,303,1908,0.18964317662260213,33.20462046204621,2022,12,False,True,False,False,False,False,False
2022-12-01,12412,7358,306,5054,0.40718659361907833,40.56209150326797,2022,12,False,True,False,True,False,False,False
2022-12-01,11447,7486,334,3961,0.3460295273870883,34.27245508982036,2022,12,False,True,False,False,True,False,False
2022-12-01,12279,6292,260,5987,0.4875804218584575,47.22692307692308,2022,12,False,True,False,False,False,True,False
2022-12-01,14023,6869,267,7154,0.5101618769164943,52.52059925093633,2022,12,False,True,False,False,False,False,True
2022-12-01,9738,6109,268,3629,0.37266379133292254,36.33582089552239,2022,12,False,False,False,False,False,False,False
2022-12-01,11412,6699,284,4713,0.4129863301787592,40.183098591549296,2022,12,False,False,False,True,False,False,False
2022-12-01,10480,5818,309,4662,0.4448473282442748,33.91585760517799,2022,12,False,False,False,False,True,False,False
2022-12-01,11197,7439,338,3758,0.335625614003751,33.12721893491124,2022,12,False,False,False,False,False,True,False
2022-12-01,14218,7192,309,7026,0.49416232944155297,46.01294498381877,2022,12,False,False,False,False,False,False,True
2022-12-01,10619,7859,287,2760,0.25991147942367454,37.0,2022,12,False,False,True,False,False,False,False
2022-12-01,12376,7141,330,5235,0.4229961215255333,37.5030303030303,2022,12,False,False,True,True,False,False,False
2022-12-01,11122,7975,339,3147,0.2829527063477792,32.80825958702065,2022,12,False,False,True,False,True,False,False
2022-12-01,9805,8189,313,1616,0.16481387047424784,31.3258785942492,2022,12,False,False,True,False,False,True,False
2022-12-01,10350,6574,251,3776,0.36483091787439614,41.235059760956176,2022,12,False,False,True,False,False,False,True
2023-01-01,13375,7470,328,5905,0.44149532710280376,40.77743902439025,2023,1,True,False,False,False,False,False,False
2023-01-01,12900,7961,281,4939,0.38286821705426355,45.90747330960854,2023,1,True,False,False,True,False,False,False
2023-01-01,13172,6568,289,6604,0.5013665350744002,45.57785467128028,2023,1,True,False,False,False,True,False,False
2023-01-01,11974,8187,314,3787,0.3162685819275096,38.13375796178344,2023,1,True,False,False,False,False,True,False
2023-01-01,14138,6730,336,7408,0.5239779318149668,42.07738095238095,2023,1,True,False,False,False,False,False,True
2023-01-01,10313,7836,289,2477,0.24018229419179676,35.68512110726643,2023,1,False,True,False,False,False,False,False
2023-01-01,11445,7916,317,3529,0.308344255133246,36.10410094637224,2023,1,False,True,False,True,False,False,False
2023-01-01,11822,6211,330,5611,0.4746235831500592,35.82424242424243,2023,1,False,True,False,False,True,False,False
2023-01-01,11168,6622,276,4546,0.4070558739255014,40.46376811594203,2023,1,False,True,False,False,False,True,False
2023-01-01,11287,7029,326,4258,0.3772481616018428,34.622699386503065,2023,1,False,True,False,False,False,False,True
2023-01-01,13734,5932,253,7802,0.5680792194553662,54.284584980237156,2023,1,False,False,False,False,False,False,False
2023-01-01,12711,7397,253,5314,0.41806309495712374,50.241106719367586,2023,1,False,False,False,True,False,False,False
2023-01-01,12146,7171,290,4975,0.4095998682693891,41.88275862068966,2023,1,False,False,False,False,True,False,False
2023-01-01,12425,7334,282,5091,0.409738430583501,44.06028368794326,2023,1,False,False,False,False,False,True,False
2023-01-01,11084,7648,340,3436,0.3099963911945146,32.6,2023,1,False,False,False,False,False,False,True
2023-01-01,11602,7441,310,4161,0.3586450611963455,37.42580645161291,2023,1,False,False,True,False,False,False,False
2023-01-01,11868,8151,293,3717,0.3131951466127401,40.50511945392491,2023,1,False,False,True,True,False,False,False
2023-01-01,9879,6924,287,2955,0.29911934406316426,34.42160278745644,2023,1,False,False,True,False,True,False,False
2023-01-01,14458,7270,309,7188,0.4971641997510029,46.78964401294498,2023,1,False,False,True,False,False,True,False
2023-01-01,11612,8178,284,3434,0.29572855666551845,40.88732394366197,2023,1,False,False,True,False,False,False,True
2023-02-01,9875,7250,288,2625,0.26582278481012656,34.28819444444444,2023,2,True,False,False,False,False,False,False
2023-02-01,10867,7778,253,3089,0.28425508419987117,42.952569169960476,2023,2,True,False,False,True,False,False,False
2023-02-01,12636,7516,257,5120,0.4051915163026274,49.16731517509728,2023,2,True,False,False,False,True,False,False
2023-02-01,11246,5873,307,5373,0.4777698737328828,36.63192182410423,2023,2,True,False,False,False,False,True,False
2023-02-01,10624,7571,255,3053,0.28736822289156627,41.66274509803922,2023,2,True,False,False,False,False,False,True
2023-02-01,10406,6246,321,4160,0.39976936382856043,32.41744548286604,2023,2,False,True,False,False,False,False,False
2023-02-01,12004,7156,303,4848,0.40386537820726426,39.617161716171616,2023,2,False,True,False,True,False,False,False
2023-02-01,12015,7720,309,4295,0.35746982937994176,38.883495145631066,2023,2,False,True,False,False,True,False,False
2023-02-01,9652,5835,303,3817,0.39546208039784503,31.854785478547853,2023,2,False,True,False,False,False,True,False
2023-02-01,10183,7737,322,2446,0.24020426200530295,31.624223602484474,2023,2,False,True,False,False,False,False,True
2023-02-01,13754,6011,280,7743,0.5629635015268286,49.121428571428574,2023,2,False,False,False,False,False,False,False
2023-02-01,12694,7350,272,5344,0.420986292736726,46.669117647058826,2023,2,False,False,False,True,False,False,False
2023-02-01,9726,5874,282,3852,0.3960518198642813,34.48936170212766,2023,2,False,False,False,False,True,False,False
2023-02-01,11656,6768,255,4888,0.41935483870967744,45.70980392156863,2023,2,False,False,False,False,False,True,False
2023-02-01,11822,6293,305,5529,0.46768736254440874,38.760655737704916,2023,2,False,False,False,False,False,False,True
2023-02-01,14368,6622,301,7746,0.5391146993318485,47.73421926910299,2023,2,False,False,True,False,False,False,False
2023-02-01,10536,6674,298,3862,0.36655277145026577,35.355704697986575,2023,2,False,False,True,True,False,False,False
2023-02-01,12292,6275,277,6017,0.48950536934591604,44.375451263537904,2023,2,False,False,True,False,True,False,False
2023-02-01,12338,6086,338,6252,0.5067271843086399,36.50295857988166,2023,2,False,False,True,False,False,True,False
2023-02-01,11093,7603,261,3490,0.31461281889479853,42.50191570881226,2023,2,False,False,True,False,False,False,True
2023-03-01,13545,7678,336,5867,0.4331487633813215,40.3125,2023,3,True,False,False,False,False,False,False
2023-03-01,13605,7638,291,5967,0.4385887541345094,46.75257731958763,2023,3,True,False,False,True,False,False,False
2023-03-01,10541,6400,337,4141,0.39284697846504124,31.27893175074184,2023,3,True,False,False,False,True,False,False
2023-03-01,11268,8047,309,3221,0.2858537451189208,36.46601941747573,2023,3,True,False,False,False,False,True,False
2023-03-01,13724,6789,305,6935,0.5053191489361702,44.99672131147541,2023,3,True,False,False,False,False,False,True
2023-03-01,13758,6384,335,7374,0.5359790667248147,41.06865671641791,2023,3,False,True,False,False,False,False,False
2023-03-01,10757,6634,256,4123,0.38328530259365995,42.01953125,2023,3,False,True,False,True,False,False,False
2023-03-01,10739,6138,282,4601,0.4284384020858553,38.08156028368794,2023,3,False,True,False,False,True,False,False
2023-03-01,12560,8093,285,4467,0.35565286624203823,44.07017543859649,2023,3,False,True,False,False,False,True,False
2023-03-01,10961,5866,319,5095,0.4648298512909406,34.36050156739812,2023,3,False,True,False,False,False,False,True
2023-03-01,11362,7612,318,3750,0.3300475268438655,35.729559748427675,2023,3,False,False,False,False,False,False,False
2023-03-01,11433,6255,338,5178,0.45289950144319074,33.82544378698225,2023,3,False,False,False,True,False,False,False
2023-03-01,12273,8183,308,4090,0.3332518536625112,39.8474025974026,2023,3,False,False,False,False,True,False,False
2023-03-01,13253,6236,265,7017,0.529465026786388,50.011320754716984,2023,3,False,False,False,False,False,True,False
2023-03-01,12216,7662,308,4554,0.37278978388998035,39.66233766233766,2023,3,False,False,False,False,False,False,True
2023-03-01,13316,6835,273,6481,0.48670772003604684,48.776556776556774,2023,3,False,False,True,False,False,False,False
2023-03-01,9898,7309,328,2589,0.2615679935340473,30.176829268292682,2023,3,False,False,True,True,False,False,False
2023-03-01,10258,7988,266,2270,0.22129069994150907,38.56390977443609,2023,3,False,False,True,False,True,False,False
2023-03-01,9816,6667,255,3149,0.32080277098614507,38.49411764705882,2023,3,False,False,True,False,False,True,False
2023-03-01,11107,7618,283,3489,0.31412622670388046,39.24734982332156,2023,3,False,False,True,False,False,False,True
2023-04-01,9842,6419,296,3423,0.34779516358463725,33.25,2023,4,True,False,False,False,False,False,False
2023-04-01,13190,6920,271,6270,0.47536012130401817,48.67158671586716,2023,4,True,False,False,True,False,False,False
2023-04-01,13588,6468,271,7120,0.5239917574330292,50.140221402214024,2023,4,True,False,False,False,True,False,False
2023-04-01,12292,7182,254,5110,0.4157175398633257,48.39370078740158,2023,4,True,False,False,False,False,True,False
2023-04-01,11867,6784,264,5083,0.4283306648689644,44.95075757575758,2023,4,True,False,False,False,False,False,True
2023-04-01,14479,6331,292,8148,0.5627460459976518,49.58561643835616,2023,4,False,True,False,False,False,False,False
2023-04-01,11381,7700,316,3681,0.32343379316404536,36.015822784810126,2023,4,False,True,False,True,False,False,False
2023-04-01,11251,6700,322,4551,0.40449737801084346,34.940993788819874,2023,4,False,True,False,False,True,False,False
2023-04-01,13410,7552,334,5858,0.4368381804623415,40.1497005988024,2023,4,False,True,False,False,False,True,False
2023-04-01,11953,7843,275,4110,0.3438467330377311,43.46545454545455,2023,4,False,True,False,False,False,False,True
2023-04-01,11645,6901,287,4744,0.40738514383855734,40.57491289198606,2023,4,False,False,False,False,False,False,False
2023-04-01,10741,6437,288,4304,0.40070756912764177,37.295138888888886,2023,4,False,False,False,True,False,False,False
2023-04-01,11653,7297,310,4356,0.37380931948854373,37.590322580645164,2023,4,False,False,False,False,True,False,False
2023-04-01,11876,6745,310,5131,0.4320478275513641,38.30967741935484,2023,4,False,False,False,False,False,True,False
2023-04-01,10705,7347,303,3358,0.3136851938346567,35.33003300330033,2023,4,False,False,False,False,False,False,True
2023-04-01,10855,6409,279,4446,0.4095808383233533,38.90681003584229,2023,4,False,False,True,False,False,False,False
2023-04-01,12848,7419,253,5429,0.4225560398505604,50.78260869565217,2023,4,False,False,True,True,False,False,False
2023-04-01,9911,6706,270,3205,0.32337806477651093,36.70740740740741,2023,4,False,False,True,False,True,False,False
2023-04-01,14493,7062,305,7431,0.512730283585179,47.51803278688524,2023,4,False,False,True,False,False,True,False
2023-04-01,11019,7692,334,3327,0.30193302477538797,32.99101796407186,2023,4,False,False,True,False,False,False,True
2023-05-01,13972,6704,264,7268,0.5201832235900372,52.92424242424242,2023,5,True,False,False,False,False,False,False
2023-05-01,11215,7436,257,3779,0.3369594293357111,43.63813229571984,2023,5,True,False,False,True,False,False,False
2023-05-01,13336,7937,256,5399,0.4048440311937612,52.09375,2023,5,True,False,False,False,True,False,False
2023-05-01,10058,7538,273,2520,0.25054682839530723,36.84249084249084,2023,5,True,False,False,False,False,True,False
2023-05-01,10900,6552,331,4348,0.39889908256880735,32.93051359516616,2023,5,True,False,False,False,False,False,True
2023-05-01,12655,6193,318,6462,0.5106282101935994,39.795597484276726,2023,5,False,True,False,False,False,False,False
2023-05-01,14456,6308,299,8148,0.5636413945766464,48.34782608695652,2023,5,False,True,False,True,False,False,False
2023-05-01,11275,6197,276,5078,0.4503769401330377,40.85144927536232,2023,5,False,True,False,False,True,False,False
2023-05-01,14282,7837,328,6445,0.4512673295056715,43.542682926829265,2023,5,False,True,False,False,False,True,False
2023-05-01,10017,6986,322,3031,0.3025856044723969,31.108695652173914,2023,5,False,True,False,False,False,False,True
2023-05-01,13045,7530,272,5515,0.42276734380988884,47.95955882352941,2023,5,False,False,False,False,False,False,False
2023-05-01,9996,8027,338,1969,0.19697879151660663,29.57396449704142,2023,5,False,False,False,True,False,False,False
2023-05-01,13144,6556,253,6588,0.5012172854534388,51.952569169960476,2023,5,False,False,False,False,True,False,False
2023-05-01,11315,6125,284,5190,0.45868316394167036,39.84154929577465,2023,5,False,False,False,False,False,True,False
2023-05-01,10386,8068,278,2318,0.22318505680724052,37.35971223021583,2023,5,False,False,False,False,False,False,True
2023-05-01,11265,6011,299,5254,0.46640035508211275,37.675585284280935,2023,5,False,False,True,False,False,False,False
2023-05-01,13861,6877,276,6984,0.5038597503787605,50.221014492753625,2023,5,False,False,True,True,False,False,False
2023-05-01,11051,8005,289,3046,0.27563116460048864,38.238754325259514,2023,5,False,False,True,False,True,False,False
2023-05-01,12092,7849,271,4243,0.350893152497519,44.61992619926199,2023,5,False,False,True,False,False,True,False
2023-05-01,14246,6497,314,7749,0.5439421592025832,45.36942675159236,2023,5,False,False,True,False,False,False,True
2023-06-01,10584,7166,299,3418,0.3229402872260015,35.39799331103679,2023,6,True,False,False,False,False,False,False
2023-06-01,11266,7706,300,3560,0.31599502929167406,37.553333333333335,2023,6,True,False,False,True,False,False,False
2023-06-01,14365,7416,254,6949,0.48374521406195614,56.55511811023622,2023,6,True,False,False,False,True,False,False
2023-06-01,10441,6829,340,3612,0.3459438751077483,30.708823529411763,2023,6,True,False,False,False,False,True,False
2023-06-01,12733,6782,270,5951,0.4673682557135004,47.15925925925926,2023,6,True,False,False,False,False,False,True
2023-06-01,10524,6755,338,3769,0.3581337894336754,31.13609467455621,2023,6,False,True,False,False,False,False,False
2023-06-01,9973,7205,264,2768,0.2775493833350045,37.77651515151515,2023,6,False,True,False,True,False,False,False
2023-06-01,10598,6870,326,3728,0.3517644838648802,32.50920245398773,2023,6,False,True,False,False,True,False,False
2023-06-01,14215,7026,253,7189,0.5057333802321491,56.18577075098814,2023,6,False,True,False,False,False,True,False
2023-06-01,11416,7631,274,3785,0.331552207428171,41.66423357664234,2023,6,False,True,False,False,False,False,True
2023-06-01,12027,6016,331,6011,0.4997921343643469,36.33534743202417,2023,6,False,False,False,False,False,False,False
2023-06-01,13116,7543,306,5573,0.4249008844159805,42.86274509803921,2023,6,False,False,False,True,False,False,False
2023-06-01,11471,7407,333,4064,0.35428471798448263,34.447447447447445,2023,6,False,False,False,False,True,False,False
2023-06-01,11989,7361,288,4628,0.38602051880890814,41.62847222222222,2023,6,False,False,False,False,False,True,False
2023-06-01,12172,8115,259,4057,0.33330594807755504,46.996138996138995,2023,6,False,False,False,False,False,False,True
2023-06-01,11828,7631,314,4197,0.3548359824146094,37.6687898089172,2023,6,False,False,True,False,False,False,False
2023-06-01,12807,6141,296,6666,0.5204966034200047,43.266891891891895,2023,6,False,False,True,True,False,False,False
2023-06-01,13903,8178,257,5725,0.41178162986405814,54.09727626459144,2023,6,False,False,True,False,True,False,False
2023-06-01,11158,5940,316,5218,0.467646531636494,35.31012658227848,2023,6,False,False,True,False,False,True,False
2023-06-01,10047,7090,302,2957,0.29431671145615607,33.2682119205298,2023,6,False,False,True,False,False,False,True
2023-07-01,9607,8053,316,1554,0.16175705214947433,30.401898734177216,2023,7,True,False,False,False,False,False,False
2023-07-01,10626,6370,308,4256,0.4005270092226614,34.5,2023,7,True,False,False,True,False,False,False
2023-07-01,14221,6759,281,7462,0.5247169678644259,50.6085409252669,2023,7,True,False,False,False,True,False,False
2023-07-01,12048,5872,262,6176,0.5126162018592297,45.98473282442748,2023,7,True,False,False,False,False,True,False
2023-07-01,12639,6293,260,6346,0.5020966848643089,48.61153846153846,2023,7,True,False,False,False,False,False,True
2023-07-01,14216,8060,301,6156,0.4330332020258863,47.22923588039867,2023,7,False,True,False,False,False,False,False
2023-07-01,11399,6146,262,5253,0.4608298973594175,43.50763358778626,2023,7,False,True,False,True,False,False,False
2023-07-01,10577,6450,265,4127,0.3901862531908859,39.91320754716981,2023,7,False,True,False,False,True,False,False
2023-07-01,13254,7022,338,6232,0.4701976761732307,39.21301775147929,2023,7,False,True,False,False,False,True,False
2023-07-01,12885,7917,316,4968,0.38556461001164144,40.7753164556962,2023,7,False,True,False,False,False,False,True
2023-07-01,10940,7932,301,3008,0.2749542961608775,36.34551495016611,2023,7,False,False,False,False,False,False,False
2023-07-01,13280,8164,267,5116,0.38524096385542167,49.737827715355806,2023,7,False,False,False,True,False,False,False
2023-07-01,13759,6322,340,7437,0.5405189330619958,40.46764705882353,2023,7,False,False,False,False,True,False,False
2023-07-01,10231,6572,320,3659,0.3576385495064021,31.971875,2023,7,False,False,False,False,False,True,False
2023-07-01,10471,7921,300,2550,0.2435297488301022,34.903333333333336,2023,7,False,False,False,False,False,False,True
2023-07-01,10014,6674,289,3340,0.3335330537247853,34.65051903114187,2023,7,False,False,True,False,False,False,False
2023-07-01,12272,7980,336,4292,0.3497392438070404,36.523809523809526,2023,7,False,False,True,True,False,False,False
2023-07-01,14074,6184,290,7890,0.5606082137274406,48.53103448275862,2023,7,False,False,True,False,True,False,False
2023-07-01,12660,7329,287,5331,0.4210900473933649,44.11149825783972,2023,7,False,False,True,False,False,True,False
2023-07-01,11659,6006,320,5653,0.48486148040140664,36.434375,2023,7,False,False,True,False,False,False,True
2023-08-01,13180,6320,308,6860,0.5204855842185129,42.79220779220779,2023,8,True,False,False,False,False,False,False
2023-08-01,11547,6815,321,4732,0.4098034121416818,35.97196261682243,2023,8,True,False,False,True,False,False,False
2023-08-01,13557,8003,326,5554,0.40967765729881245,41.58588957055215,2023,8,True,False,False,False,True,False,False
2023-08-01,13949,7061,284,6888,0.4937988386264248,49.11619718309859,2023,8,True,False,False,False,False,True,False
2023-08-01,10355,8006,304,2349,0.22684693384838242,34.0625,2023,8,True,False,False,False,False,False,True
2023-08-01,12333,8110,310,4223,0.34241465985567177,39.78387096774193,2023,8,False,True,False,False,False,False,False
2023-08-01,13440,5978,286,7462,0.5552083333333333,46.99300699300699,2023,8,False,True,False,True,False,False,False
2023-08-01,10583,7473,276,3110,0.29386752338656336,38.344202898550726,2023,8,False,True,False,False,True,False,False
2023-08-01,9589,7007,276,2582,0.26926686828657836,34.742753623188406,2023,8,False,True,False,False,False,True,False
2023-08-01,12094,6724,297,5370,0.44402182900611875,40.72053872053872,2023,8,False,True,False,False,False,False,True
2023-08-01,13568,6655,253,6913,0.5095076650943396,53.62845849802372,2023,8,False,False,False,False,False,False,False
2023-08-01,11538,6575,273,4963,0.43014387242156354,42.26373626373626,2023,8,False,False,False,True,False,False,False
2023-08-01,10542,7642,266,2900,0.2750901157275659,39.63157894736842,2023,8,False,False,False,False,True,False,False
2023-08-01,13804,7742,306,6062,0.43914807302231235,45.111111111111114,2023,8,False,False,False,False,False,True,False
2023-08-01,13769,7852,279,5917,0.4297334592199869,49.35125448028674,2023,8,False,False,False,False,False,False,True
2023-08-01,12955,7807,307,5148,0.3973755306831339,42.19869706840391,2023,8,False,False,True,False,False,False,False
2023-08-01,11345,7259,330,4086,0.36015866020273246,34.378787878787875,2023,8,False,False,True,True,False,False,False
2023-08-01,11346,6427,257,4919,0.43354486162524236,44.14785992217899,2023,8,False,False,True,False,True,False,False
2023-08-01,12828,7275,318,5553,0.43288119738072967,40.339622641509436,2023,8,False,False,True,False,False,True,False
2023-08-01,11484,7801,270,3683,0.3207070707070707,42.53333333333333,2023,8,False,False,True,False,False,False,True
2023-09-01,13319,7105,314,6214,0.46655154290862677,42.4171974522293,2023,9,True,False,False,False,False,False,False
2023-09-01,12407,7744,265,4663,0.37583622148786977,46.8188679245283,2023,9,True,False,False,True,False,False,False
2023-09-01,11818,6556,311,5262,0.44525300389236755,38.0,2023,9,True,False,False,False,True,False,False
2023-09-01,11764,7696,282,4068,0.3458007480448827,41.716312056737586,2023,9,True,False,False,False,False,True,False
2023-09-01,14259,7437,260,6822,0.47843467283820745,54.84230769230769,2023,9,True,False,False,False,False,False,True
2023-09-01,12264,6038,327,6226,0.5076647097195043,37.5045871559633,2023,9,False,True,False,False,False,False,False
2023-09-01,13515,6944,291,6571,0.48620051794302627,46.44329896907217,2023,9,False,True,False,True,False,False,False
2023-09-01,12719,7592,270,5127,0.40309772780879,47.10740740740741,2023,9,False,True,False,False,True,False,False
2023-09-01,9660,6675,312,2985,0.3090062111801242,30.96153846153846,2023,9,False,True,False,False,False,True,False
2023-09-01,12907,7742,280,5165,0.4001704501433331,46.09642857142857,2023,9,False,True,False,False,False,False,True
2023-09-01,12305,8127,276,4178,0.3395367736692401,44.583333333333336,2023,9,False,False,False,False,False,False,False
2023-09-01,10290,7038,291,3252,0.3160349854227405,35.36082474226804,2023,9,False,False,False,True,False,False,False
2023-09-01,10069,8085,292,1984,0.1970404210944483,34.48287671232877,2023,9,False,False,False,False,True,False,False
2023-09-01,13457,7567,316,5890,0.43769042134205244,42.585443037974684,2023,9,False,False,False,False,False,True,False
2023-09-01,13444,6865,257,6579,0.4893632847366855,52.311284046692606,2023,9,False,False,False,False,False,False,True
2023-09-01,10657,7815,264,2842,0.2666791780050671,40.36742424242424,2023,9,False,False,True,False,False,False,False
2023-09-01,12954,7869,290,5085,0.39254284390921723,44.66896551724138,2023,9,False,False,True,True,False,False,False
2023-09-01,10350,7690,254,2660,0.2570048309178744,40.74803149606299,2023,9,False,False,True,False,True,False,False
2023-09-01,13281,8185,324,5096,0.3837060462314585,40.99074074074074,2023,9,False,False,True,False,False,True,False
2023-09-01,9612,8002,286,1610,0.1674989596337911,33.60839160839161,2023,9,False,False,True,False,False,False,True
2023-10-01,10773,5959,328,4814,0.44685788545437666,32.84451219512195,2023,10,True,False,False,False,False,False,False
2023-10-01,13205,6990,326,6215,0.47065505490344567,40.50613496932515,2023,10,True,False,False,True,False,False,False
2023-10-01,12135,5912,283,6223,0.5128141738772146,42.879858657243815,2023,10,True,False,False,False,True,False,False
2023-10-01,10324,6217,312,4107,0.3978109259976753,33.08974358974359,2023,10,True,False,False,False,False,True,False
2023-10-01,11028,7336,326,3692,0.3347841857091041,33.828220858895705,2023,10,True,False,False,False,False,False,True
2023-10-01,10165,6454,299,3711,0.3650762420068864,33.99665551839465,2023,10,False,True,False,False,False,False,False
2023-10-01,12524,6430,323,6094,0.48658575534972853,38.77399380804953,2023,10,False,True,False,True,False,False,False
2023-10-01,10110,6624,292,3486,0.34480712166172106,34.62328767123287,2023,10,False,True,False,False,True,False,False
2023-10-01,11591,6337,296,5254,0.4532827193512208,39.15878378378378,2023,10,False,True,False,False,False,True,False
2023-10-01,12082,6356,253,5726,0.473928157589803,47.75494071146245,2023,10,False,True,False,False,False,False,True
2023-10-01,12756,6580,281,6176,0.4841643148322358,45.395017793594306,2023,10,False,False,False,False,False,False,False
2023-10-01,9923,5848,287,4075,0.4106620981557997,34.57491289198606,2023,10,False,False,False,True,False,False,False
2023-10-01,14336,6590,266,7746,0.5403180803571429,53.89473684210526,2023,10,False,False,False,False,True,False,False
2023-10-01,11563,8180,325,3383,0.2925711320591542,35.57846153846154,2023,10,False,False,False,False,False,True,False
2023-10-01,13479,7884,338,5595,0.4150901402181171,39.87869822485207,2023,10,False,False,False,False,False,False,True
2023-10-01,13607,7412,310,6195,0.45528037039758945,43.89354838709677,2023,10,False,False,True,False,False,False,False
2023-10-01,10103,7554,312,2549,0.252301296644561,32.381410256410255,2023,10,False,False,True,True,False,False,False
2023-10-01,10566,6366,328,4200,0.3975014196479273,32.21341463414634,2023,10,False,False,True,False,True,False,False
2023-10-01,11228,7526,326,3702,0.3297114356964731,34.441717791411044,2023,10,False,False,True,False,False,True,False
2023-10-01,10718,7864,318,2854,0.26628102257883934,33.704402515723274,2023,10,False,False,True,False,False,False,True
2023-11-01,14231,6540,278,7691,0.5404398847586256,51.19064748201439,2023,11,True,False,False,False,False,False,False
2023-11-01,14435,8196,297,6239,0.43221337028056805,48.602693602693606,2023,11,True,False,False,True,False,False,False
2023-11-01,12941,6945,278,5996,0.46333359091260334,46.55035971223022,2023,11,True,False,False,False,True,False,False
2023-11-01,13613,7890,335,5723,0.42040696393153604,40.635820895522386,2023,11,True,False,False,False,False,True,False
2023-11-01,10528,7843,299,2685,0.2550341945288754,35.21070234113712,2023,11,True,False,False,False,False,False,True
2023-11-01,13484,8070,256,5414,0.4015129041827351,52.671875,2023,11,False,True,False,False,False,False,False
2023-11-01,9621,7956,256,1665,0.17305893358278765,37.58203125,2023,11,False,True,False,True,False,False,False
2023-11-01,11747,6024,277,5723,0.48718821826849407,42.40794223826715,2023,11,False,True,False,False,True,False,False
2023-11-01,10960,6319,265,4641,0.42344890510948907,41.35849056603774,2023,11,False,True,False,False,False,True,False
2023-11-01,10386,5970,293,4416,0.42518775274407855,35.44709897610922,2023,11,False,True,False,False,False,False,True
2023-11-01,10967,7409,335,3558,0.32442782894136957,32.73731343283582,2023,11,False,False,False,False,False,False,False
2023-11-01,10158,6794,315,3364,0.331167552667848,32.24761904761905,2023,11,False,False,False,True,False,False,False
2023-11-01,13301,7690,337,5611,0.42184798135478535,39.468842729970326,2023,11,False,False,False,False,True,False,False
2023-11-01,10651,7876,281,2775,0.2605389165336588,37.903914590747334,2023,11,False,False,False,False,False,True,False
2023-11-01,11642,5894,337,5748,0.49372959972513314,34.545994065281896,2023,11,False,False,False,False,False,False,True
2023-11-01,10294,7223,297,3071,0.2983291237614144,34.65993265993266,2023,11,False,False,True,False,False,False,False
2023-11-01,10340,6929,265,3411,0.32988394584139263,39.0188679245283,2023,11,False,False,True,True,False,False,False
2023-11-01,13083,6258,268,6825,0.521669341894061,48.81716417910448,2023,11,False,False,True,False,True,False,False
2023-11-01,10559,7011,270,3548,0.33601666824509896,39.10740740740741,2023,11,False,False,True,False,False,True,False
2023-11-01,11077,7707,292,3370,0.3042339983750113,37.93493150684932,2023,11,False,False,True,False,False,False,True
2023-12-01,13550,8129,276,5421,0.40007380073800736,49.094202898550726,2023,12,True,False,False,False,False,False,False
2023-12-01,13194,6546,274,6648,0.5038653933606184,48.153284671532845,2023,12,True,False,False,True,False,False,False
2023-12-01,13849,5976,288,7873,0.5684886995450935,48.08680555555556,2023,12,True,False,False,False,True,False,False
2023-12-01,11434,6560,256,4874,0.42627252055273746,44.6640625,2023,12,True,False,False,False,False,True,False
2023-12-01,11380,7968,323,3412,0.2998242530755712,35.23219814241486,2023,12,True,False,False,False,False,False,True
2023-12-01,11659,6399,252,5260,0.4511536152328673,46.26587301587302,2023,12,False,True,False,False,False,False,False
2023-12-01,9617,8042,258,1575,0.16377248622231466,37.275193798449614,2023,12,False,True,False,True,False,False,False
2023-12-01,10658,7905,338,2753,0.2583036216926253,31.532544378698226,2023,12,False,True,False,False,True,False,False
2023-12-01,13503,5855,321,7648,0.5663926534844109,42.06542056074766,2023,12,False,True,False,False,False,True,False
2023-12-01,13848,6372,269,7476,0.5398613518197574,51.479553903345725,2023,12,False,True,False,False,False,False,True
2023-12-01,12916,7918,291,4998,0.38696190771136574,44.38487972508591,2023,12,False,False,False,False,False,False,False
2023-12-01,13389,5986,326,7403,0.5529165733064456,41.07055214723926,2023,12,False,False,False,True,False,False,False
2023-12-01,10154,5880,272,4274,0.42091786488083516,37.330882352941174,2023,12,False,False,False,False,True,False,False
2023-12-01,10293,6910,291,3383,0.3286699698824444,35.371134020618555,2023,12,False,False,False,False,False,True,False
2023-12-01,12364,7365,262,4999,0.404318990617923,47.19083969465649,2023,12,False,False,False,False,False,False,True
2023-12-01,11319,7555,331,3764,0.3325382100892305,34.196374622356494,2023,12,False,False,True,False,False,False,False
2023-12-01,10832,6836,309,3996,0.3689069423929099,35.055016181229774,2023,12,False,False,True,True,False,False,False
2023-12-01,12660,6526,282,6134,0.48451816745655607,44.8936170212766,2023,12,False,False,True,False,True,False,False
2023-12-01,14439,6206,253,8233,0.5701918415402729,57.07114624505929,2023,12,False,False,True,False,False,True,False
2023-12-01,9597,7979,251,1618,0.1685943524017922,38.235059760956176,2023,12,False,False,True,False,False,False,True
