date,region,product,revenue,cost,units_sold,profit,margin,revenue_per_unit,year,month
2022-01-01,North,Product A,11676.28,8294.08,252,3382.2000000000007,0.2896641738635936,46.33444444444445,2022,1
2022-01-01,North,Product B,19338.47,10875.2,420,8463.27,0.43763906865434543,46.043976190476194,2022,1
2022-01-01,North,Product C,15357.31,7417.66,338,7939.65,0.5169948382887367,45.435828402366866,2022,1
2022-01-01,North,Product D,11775.49,10130.02,271,1645.4699999999993,0.1397368602070911,43.4519926199262,2022,1
2022-01-01,South,Product A,19121.76,14368.0,480,4753.759999999998,0.24860473094526858,39.836999999999996,2022,1
2022-01-01,South,Product B,9604.3,7106.02,249,2498.279999999999,0.26012098747436035,38.571485943775095,2022,1
2022-01-01,South,Product C,10663.05,6416.0,280,4247.049999999999,0.39829598473232325,38.082321428571426,2022,1
2022-01-01,South,Product D,16641.41,14339.23,407,2302.1800000000003,0.1383404411044497,40.88798525798526,2022,1
2022-01-01,East,Product A,17677.15,13240.98,443,4436.170000000002,0.2509550464865661,39.90327313769752,2022,1
2022-01-01,East,Product B,18102.2,11026.57,426,7075.630000000001,0.3908712753146027,42.49342723004695,2022,1
2022-01-01,East,Product C,19494.14,9919.53,463,9574.609999999999,0.491153238870758,42.103974082073435,2022,1
2022-01-01,East,Product D,15398.79,13595.62,385,1803.17,0.11709816160880172,39.996857142857145,2022,1
2022-01-01,West,Product A,9884.02,7361.28,208,2522.7400000000007,0.2552342063249569,47.519326923076925,2022,1
2022-01-01,West,Product B,15959.83,8914.24,337,7045.59,0.44145770976257265,47.35854599406528,2022,1
2022-01-01,West,Product C,15605.83,7435.81,339,8170.0199999999995,0.5235235806105795,46.034896755162244,2022,1
2022-01-01,West,Product D,9487.16,8300.0,200,1187.1599999999999,0.1251333381117215,47.4358,2022,1
2022-02-01,North,Product A,17848.44,11804.98,393,6043.459999999999,0.33859877950117767,45.415877862595416,2022,2
2022-02-01,North,Product B,13053.52,7711.2,280,5342.320000000001,0.4092627888875951,46.61971428571429,2022,2
2022-02-01,North,Product C,12358.93,6481.84,284,5877.09,0.4755338852149822,43.51735915492958,2022,2
2022-02-01,North,Product D,13527.86,11420.4,316,2107.460000000001,0.15578665066019318,42.8096835443038,2022,2
2022-02-01,South,Product A,9963.28,7988.88,238,1974.4000000000005,0.19816767169044736,41.86252100840336,2022,2
2022-02-01,South,Product B,15460.79,10161.86,391,5298.93,0.34273345669917255,39.54166240409207,2022,2
2022-02-01,South,Product C,19003.39,10635.38,495,8368.01,0.44034301248356217,38.39068686868687,2022,2
2022-02-01,South,Product D,19053.45,17324.03,489,1729.420000000002,0.09076676402436314,38.96411042944786,2022,2
2022-02-01,East,Product A,16538.35,12367.38,413,4170.969999999999,0.25219988692947,40.044430992736075,2022,2
2022-02-01,East,Product B,14747.57,9318.45,355,5429.119999999999,0.3681365811452327,41.54245070422535,2022,2
2022-02-01,East,Product C,8493.84,5186.02,199,3307.8199999999997,0.3894375217804903,42.682613065326635,2022,2
2022-02-01,East,Product D,6294.53,7184.02,151,-889.4900000000007,-0.14131158323179024,41.685629139072844,2022,2
2022-02-01,West,Product A,9789.51,7260.18,203,2529.33,0.25837146088006446,48.22418719211823,2022,2
2022-02-01,West,Product B,20999.39,11882.26,459,9117.13,0.43416165898152276,45.75030501089324,2022,2
2022-02-01,West,Product C,17527.49,7956.34,367,9571.150000000001,0.5460650669320023,47.75882833787466,2022,2
2022-02-01,West,Product D,17513.21,12494.02,351,5019.189999999999,0.28659451922291795,49.895185185185184,2022,2
2022-03-01,North,Product A,19283.52,12539.22,419,6744.300000000001,0.3497442375665854,46.02272076372315,2022,3
2022-03-01,North,Product B,18122.25,10875.2,420,7247.049999999999,0.3998979155458069,43.14821428571429,2022,3
2022-03-01,North,Product C,16414.13,7899.44,364,8514.690000000002,0.5187414745709947,45.09376373626374,2022,3
2022-03-01,North,Product D,14988.54,12119.02,339,2869.5200000000004,0.19144759929919794,44.21398230088496,2022,3
2022-03-01,South,Product A,14633.17,10832.98,357,3800.1900000000005,0.25969697611658993,40.989271708683475,2022,3
2022-03-01,South,Product B,8150.09,6254.47,202,1895.62,0.23258884257719853,40.3469801980198,2022,3
2022-03-01,South,Product C,14319.29,7937.34,366,6381.950000000001,0.4456889971499984,39.12374316939891,2022,3
2022-03-01,South,Product D,7445.17,8062.5,190,-617.3299999999999,-0.08291684407474913,39.185105263157894,2022,3
2022-03-01,East,Product A,18095.9,13450.0,450,4645.9000000000015,0.2567377140678276,40.21311111111111,2022,3
2022-03-01,East,Product B,19838.86,12338.37,476,7500.49,0.3780706149446087,41.67827731092437,2022,3
2022-03-01,East,Product C,11324.22,6383.26,278,4940.959999999999,0.43631790975449075,40.73460431654676,2022,3
2022-03-01,East,Product D,9184.89,8591.6,212,593.289999999999,0.06459413231949421,43.32495283018868,2022,3
2022-03-01,West,Product A,11273.32,7818.0,230,3455.3199999999997,0.30650420639172843,49.014434782608696,2022,3
2022-03-01,West,Product B,21246.77,11333.19,438,9913.58,0.46659233379944337,48.508607305936074,2022,3
2022-03-01,West,Product C,18515.56,8206.0,380,10309.560000000001,0.5568051951979849,48.725157894736846,2022,3
2022-03-01,West,Product D,8804.49,7761.23,177,1043.2600000000002,0.11849181497167925,49.742881355932205,2022,3
2022-04-01,North,Product A,21356.5,14274.58,477,7081.92,0.3316048978062885,44.772536687631025,2022,4
2022-04-01,North,Product B,7832.55,5916.23,182,1916.3200000000006,0.244661061850866,43.03598901098901,2022,4
2022-04-01,North,Product C,9329.01,5355.81,211,3973.2,0.4258972817051327,44.21331753554502,2022,4
2022-04-01,North,Product D,11261.89,9509.6,248,1752.289999999999,0.15559466483867265,45.410846774193544,2022,4
2022-04-01,South,Product A,15082.23,10991.38,363,4090.8500000000004,0.2712364153046334,41.54884297520661,2022,4
2022-04-01,South,Product B,14467.87,9804.77,376,4663.1,0.3223072919510612,38.47837765957447,2022,4
2022-04-01,South,Product C,11492.08,6416.0,280,5076.08,0.4417024594329312,41.043142857142854,2022,4
2022-04-01,South,Product D,14292.43,13005.23,367,1287.2000000000007,0.09006166201268788,38.943950953678474,2022,4
2022-04-01,East,Product A,18185.25,12916.48,432,5268.77,0.28972766390343824,42.095486111111114,2022,4
2022-04-01,East,Product B,6619.98,5624.13,164,995.8499999999995,0.15043096806938985,40.36573170731707,2022,4
2022-04-01,East,Product C,13130.5,7237.76,328,5892.74,0.44878260538441034,40.03201219512195,2022,4
2022-04-01,East,Product D,15920.69,13430.0,380,2490.6900000000005,0.1564435963516657,41.89655263157895,2022,4
2022-04-01,West,Product A,11989.93,8140.5,245,3849.4300000000003,0.3210552521991371,48.93848979591837,2022,4
2022-04-01,West,Product B,18076.54,9899.2,380,8177.34,0.4523730758209259,47.56984210526316,2022,4
2022-04-01,West,Product C,14903.9,7096.0,320,7807.9,0.5238830104871879,46.574687499999996,2022,4
2022-04-01,West,Product D,7447.06,7424.1,162,22.960000000000036,0.003083095879447733,45.96950617283951,2022,4
2022-05-01,North,Product A,15414.51,10289.92,336,5124.59,0.3324523452253753,45.87651785714286,2022,5
2022-05-01,North,Product B,20322.27,11204.8,433,9117.470000000001,0.44864427054654826,46.93364896073903,2022,5
2022-05-01,North,Product C,8551.59,5116.54,194,3435.05,0.4016855345029404,44.08036082474227,2022,5
2022-05-01,North,Product D,12679.65,10464.23,283,2215.42,0.17472248839676174,44.80441696113074,2022,5
2022-05-01,South,Product A,9957.79,8404.98,257,1552.8100000000013,0.15593921944527864,38.74626459143969,2022,5
2022-05-01,South,Product B,18066.91,11256.05,435,6810.860000000001,0.37697979344558646,41.53312643678161,2022,5
2022-05-01,South,Product C,11420.64,6366.93,277,5053.709999999999,0.44250672466691876,41.22974729241877,2022,5
2022-05-01,South,Product D,19594.32,17633.22,497,1961.0999999999985,0.1000851267101894,39.42519114688129,2022,5
2022-05-01,East,Product A,13682.79,10366.42,339,3316.370000000001,0.24237527580266893,40.36221238938053,2022,5
2022-05-01,East,Product B,18011.74,11179.23,432,6832.510000000002,0.3793364772087539,41.693842592592596,2022,5
2022-05-01,East,Product C,10965.91,6173.38,265,4792.53,0.4370389689501373,41.380792452830185,2022,5
2022-05-01,East,Product D,16291.11,14373.6,408,1917.5100000000002,0.11770284529415123,39.92919117647059,2022,5
2022-05-01,West,Product A,13707.17,9067.92,286,4639.25,0.3384542542333684,47.92716783216783,2022,5
2022-05-01,West,Product B,17269.58,9757.77,374,7511.810000000001,0.43497351991189137,46.17534759358289,2022,5
2022-05-01,West,Product C,15013.75,7113.61,321,7900.14,0.5261936558155025,46.771806853582554,2022,5
2022-05-01,West,Product D,21878.24,16378.4,464,5499.840000000002,0.251384023577765,47.15137931034483,2022,5
2022-06-01,North,Product A,11089.06,8140.5,245,2948.5599999999995,0.2658981013719828,45.2614693877551,2022,6
2022-06-01,North,Product B,14603.1,8738.34,329,5864.76,0.40161061692380384,44.386322188449846,2022,6
2022-06-01,North,Product C,8816.05,5214.02,201,3602.029999999999,0.40857640326450045,43.860945273631835,2022,6
2022-06-01,North,Product D,19974.5,15644.4,444,4330.1,0.21678139628025733,44.987612612612615,2022,6
2022-06-01,South,Product A,10111.2,8516.88,262,1594.3200000000015,0.1576786138143842,38.59236641221374,2022,6
2022-06-01,South,Product B,8985.44,6752.2,230,2233.2400000000007,0.24853986004024295,39.06713043478261,2022,6
2022-06-01,South,Product C,6041.62,4550.02,151,1491.5999999999995,0.24688742423389745,40.01072847682119,2022,6
2022-06-01,South,Product D,7740.84,8372.23,203,-631.3899999999994,-0.08156608326744894,38.13221674876847,2022,6
2022-06-01,East,Product A,16305.59,11258.58,373,5047.01,0.30952636488468066,43.714718498659515,2022,6
2022-06-01,East,Product B,11139.85,7611.25,275,3528.6000000000004,0.31675471393241383,40.508545454545455,2022,6
2022-06-01,East,Product C,13411.6,7113.61,321,6297.990000000001,0.46959274061260403,41.780685358255454,2022,6
2022-06-01,East,Product D,14198.07,12368.23,347,1829.8400000000001,0.12887948855020437,40.91662824207493,2022,6
2022-06-01,West,Product A,21752.37,14150.58,473,7601.789999999999,0.34946950608140626,45.98809725158562,2022,6
2022-06-01,West,Product B,15564.64,8826.0,333,6738.639999999999,0.43294544557407044,46.74066066066066,2022,6
2022-06-01,West,Product C,19979.85,8680.24,404,11299.609999999999,0.5655502919191084,49.455074257425736,2022,6
2022-06-01,West,Product D,23053.02,16752.9,474,6300.119999999999,0.2732882719921294,48.63506329113924,2022,6
2022-07-01,North,Product A,15457.01,10572.18,347,4884.83,0.31602683830831446,44.544697406340056,2022,7
2022-07-01,North,Product B,18027.25,10113.78,389,7913.469999999999,0.4389726663800635,46.34254498714653,2022,7
2022-07-01,North,Product C,15467.73,7637.5,350,7830.23,0.5062300673725233,44.193514285714286,2022,7
2022-07-01,North,Product D,21793.55,16790.62,475,5002.93,0.22956012214623137,45.88115789473684,2022,7
2022-07-01,South,Product A,16468.34,12225.28,408,4243.0599999999995,0.2576495263031975,40.36357843137255,2022,7
2022-07-01,South,Product B,19823.94,12860.45,495,6963.489999999998,0.3512667007668505,40.04836363636363,2022,7
2022-07-01,South,Product C,11660.82,6682.24,296,4978.58,0.42694939120919456,39.39466216216216,2022,7
2022-07-01,South,Product D,13466.72,12399.6,348,1067.119999999999,0.07924127033160258,38.69747126436781,2022,7
2022-07-01,East,Product A,11654.65,8858.58,277,2796.0699999999997,0.23991025041507036,42.07454873646209,2022,7
2022-07-01,East,Product B,11881.14,7671.11,278,4210.03,0.3543456267664551,42.737913669064746,2022,7
2022-07-01,East,Product C,12652.22,6750.0,300,5902.219999999999,0.46649678870585554,42.17406666666666,2022,7
2022-07-01,East,Product D,18319.56,15753.23,447,2566.3300000000017,0.14008687981589085,40.98335570469799,2022,7
2022-07-01,West,Product A,18622.35,12028.02,401,6594.329999999998,0.3541083697814722,46.43977556109726,2022,7
2022-07-01,West,Product B,12597.16,7336.18,261,5260.98,0.41763222821651863,48.264980842911875,2022,7
2022-07-01,West,Product C,9792.06,5327.22,209,4464.839999999999,0.45596534334961175,46.851961722488035,2022,7
2022-07-01,West,Product D,22756.01,15972.23,453,6783.779999999999,0.29810937857735165,50.234017660044145,2022,7
2022-08-01,North,Product A,8690.27,6923.92,186,1766.3500000000004,0.2032560553354499,46.72188172043011,2022,8
2022-08-01,North,Product B,6952.78,5529.35,158,1423.4299999999994,0.2047281806701779,44.00493670886076,2022,8
2022-08-01,North,Product C,13620.97,6682.24,296,6938.73,0.5094152619086599,46.01679054054054,2022,8
2022-08-01,North,Product D,13048.97,10380.0,280,2668.9699999999993,0.20453491731531298,46.60346428571428,2022,8
2022-08-01,South,Product A,8347.26,7260.18,203,1087.08,0.13023195635454027,41.119507389162564,2022,8
2022-08-01,South,Product B,10159.19,7414.05,265,2745.1400000000003,0.27021248741287446,38.33656603773585,2022,8
2022-08-01,South,Product C,10227.71,5984.14,253,4243.569999999999,0.4149091047751646,40.42573122529644,2022,8
2022-08-01,South,Product D,14847.91,13298.4,376,1549.5100000000002,0.10435879527825803,39.48912234042553,2022,8
2022-08-01,East,Product A,10909.37,8206.08,248,2703.290000000001,0.24779524390501015,43.989395161290325,2022,8
2022-08-01,East,Product B,20424.57,12639.04,487,7785.529999999999,0.38118452432535904,41.93956878850103,2022,8
2022-08-01,East,Product C,13303.13,6956.16,312,6346.969999999999,0.47710350872313506,42.63823717948718,2022,8
2022-08-01,East,Product D,12923.17,11480.1,318,1443.0699999999997,0.11166532669615889,40.63889937106918,2022,8
2022-08-01,West,Product A,10142.32,7545.78,217,2596.54,0.25601045914544207,46.73880184331797,2022,8
2022-08-01,West,Product B,19791.26,11026.57,426,8764.689999999999,0.44285659427444235,46.458356807511734,2022,8
2022-08-01,West,Product C,13933.19,6481.84,284,7451.35,0.534791386609958,49.060528169014084,2022,8
2022-08-01,West,Product D,13386.82,10296.23,277,3090.59,0.23086812252648503,48.32787003610108,2022,8
2022-09-01,North,Product A,7498.0,6636.82,171,861.1800000000003,0.11485462790077358,43.84795321637427,2022,9
2022-09-01,North,Product B,8817.99,5999.44,187,2818.55,0.31963633435737626,47.155026737967916,2022,9
2022-09-01,North,Product C,9352.84,5200.0,200,4152.84,0.4440191428485893,46.7642,2022,9
2022-09-01,North,Product D,19312.46,15213.6,432,4098.859999999999,0.2122391450907859,44.70476851851851,2022,9
2022-09-01,South,Product A,17044.49,12741.52,426,4302.970000000001,0.25245519226447966,40.01053990610329,2022,9
2022-09-01,South,Product B,17612.58,11204.8,433,6407.7800000000025,0.36381836164832193,40.67570438799076,2022,9
2022-09-01,South,Product C,18638.5,9985.34,466,8653.16,0.46426268208278565,39.99678111587983,2022,9
2022-09-01,South,Product D,5828.88,7227.23,153,-1398.3499999999995,-0.23990028959251167,38.09725490196079,2022,9
2022-09-01,East,Product A,7936.46,7160.08,198,776.3800000000001,0.097824470859804,40.08313131313131,2022,9
2022-09-01,East,Product B,14075.83,8564.74,321,5511.09,0.3915285990240007,43.84993769470405,2022,9
2022-09-01,East,Product C,8529.77,5130.38,195,3399.3900000000003,0.39853243405156297,43.74241025641026,2022,9
2022-09-01,East,Product D,10674.02,9509.6,248,1164.42,0.1090891716522922,43.04040322580645,2022,9
2022-09-01,West,Product A,9310.4,6923.92,186,2386.4799999999996,0.2563241106719367,50.05591397849462,2022,9
2022-09-01,West,Product B,22658.21,11671.22,451,10986.99,0.4849010579388222,50.23993348115299,2022,9
2022-09-01,West,Product C,12475.79,5906.56,248,6569.2300000000005,0.5265582379953494,50.305604838709684,2022,9
2022-09-01,West,Product D,12458.54,9965.62,265,2492.92,0.2000972826671504,47.01335849056604,2022,9
2022-10-01,North,Product A,13694.61,9642.0,310,4052.6100000000006,0.2959273758069781,44.17616129032258,2022,10
2022-10-01,North,Product B,12306.3,7651.12,277,4655.179999999999,0.37827616749144743,44.42707581227437,2022,10
2022-10-01,North,Product C,17316.21,8051.76,372,9264.449999999999,0.5350160341090804,46.548951612903224,2022,10
2022-10-01,North,Product D,21388.81,16677.6,472,4711.210000000003,0.2202651760429871,45.315275423728814,2022,10
2022-10-01,South,Product A,16660.5,12828.82,429,3831.6800000000003,0.229985894781069,38.83566433566433,2022,10
2022-10-01,South,Product B,19362.38,12749.46,491,6612.920000000002,0.3415344601231874,39.434582484725055,2022,10
2022-10-01,South,Product C,11060.24,6350.64,276,4709.599999999999,0.4258135447332065,40.07333333333333,2022,10
2022-10-01,South,Product D,17468.55,14860.1,422,2608.449999999999,0.14932263982986563,41.3946682464455,2022,10
2022-10-01,East,Product A,19209.09,13390.08,448,5819.01,0.302930019069097,42.87743303571428,2022,10
2022-10-01,East,Product B,7733.02,6016.19,188,1716.8300000000008,0.2220128746595768,41.13308510638298,2022,10
2022-10-01,East,Product C,16498.58,8520.24,396,7978.340000000002,0.48357737453768757,41.663080808080814,2022,10
2022-10-01,East,Product D,19811.48,16045.62,455,3765.8599999999988,0.19008473874743326,43.541714285714285,2022,10
2022-10-01,West,Product A,7450.65,6468.88,162,981.7699999999995,0.13176971136746451,45.99166666666667,2022,10
2022-10-01,West,Product B,22459.62,11961.99,462,10497.63,0.4674001608219551,48.6138961038961,2022,10
2022-10-01,West,Product C,8233.65,4780.41,169,3453.24,0.4194057313585105,48.7198224852071,2022,10
2022-10-01,West,Product D,14512.76,10691.02,291,3821.74,0.26333653970712667,49.872027491408936,2022,10
2022-11-01,North,Product A,12976.52,9209.28,292,3767.24,0.2903120405162555,44.44013698630137,2022,11
2022-11-01,North,Product B,21064.6,12203.14,471,8861.46,0.4206801933101032,44.723142250530785,2022,11
2022-11-01,North,Product C,21715.3,10544.22,491,11171.08,0.5144336021146381,44.22668024439918,2022,11
2022-11-01,North,Product D,15139.29,11995.62,335,3143.67,0.20764976428881407,45.191910447761195,2022,11
2022-11-01,South,Product A,11331.47,8789.52,274,2541.949999999999,0.22432658781252557,41.355729927007296,2022,11
2022-11-01,South,Product B,7891.25,6341.28,207,1549.9700000000003,0.1964162838587043,38.121980676328505,2022,11
2022-11-01,South,Product C,12553.11,7255.61,329,5297.500000000001,0.42200697675715426,38.15534954407295,2022,11
2022-11-01,South,Product D,16565.12,14790.0,420,1775.119999999999,0.10716010508828183,39.4407619047619,2022,11
2022-11-01,East,Product A,10523.36,8250.0,250,2273.3600000000006,0.2160298611850208,42.09344,2022,11
2022-11-01,East,Product B,8290.18,6254.47,202,2035.71,0.2455567912880058,41.040495049504955,2022,11
2022-11-01,East,Product C,10926.65,6046.73,257,4879.92,0.4466071485771028,42.51614785992218,2022,11
2022-11-01,East,Product D,14985.59,12305.62,345,2679.9699999999993,0.1788364689011243,43.43649275362319,2022,11
2022-11-01,West,Product A,24049.33,14968.02,499,9081.310000000001,0.3776117671469434,48.195050100200405,2022,11
2022-11-01,West,Product B,21281.48,11908.8,460,9372.68,0.44041485836511374,46.26408695652174,2022,11
2022-11-01,West,Product C,14733.24,6631.73,293,8101.51,0.5498797277448817,50.28409556313993,2022,11
2022-11-01,West,Product D,13385.21,10185.23,273,3199.9799999999996,0.23906834483732417,49.03007326007326,2022,11
2022-12-01,North,Product A,13713.19,9304.32,296,4408.870000000001,0.3215057911397713,46.3283445945946,2022,12
2022-12-01,North,Product B,20919.99,12122.43,468,8797.560000000001,0.42053366182297414,44.700833333333335,2022,12
2022-12-01,North,Product C,8922.33,5298.73,207,3623.6000000000004,0.40612709908734607,43.10304347826087,2022,12
2022-12-01,North,Product D,16473.05,13364.1,378,3108.949999999999,0.18872947025596348,43.579497354497356,2022,12
2022-12-01,South,Product A,19307.61,13965.78,467,5341.83,0.27666966548423133,41.34391862955032,2022,12
2022-12-01,South,Product B,10756.7,7671.11,278,3085.590000000001,0.28685284520345466,38.6931654676259,2022,12
2022-12-01,South,Product C,5965.41,4537.5,150,1427.9099999999999,0.23936493887260052,39.7694,2022,12
2022-12-01,South,Product D,9848.24,9430.62,245,417.619999999999,0.04240554657481936,40.19689795918367,2022,12
2022-12-01,East,Product A,8011.6,7140.18,197,871.4200000000001,0.10876978381347047,40.66802030456853,2022,12
2022-12-01,East,Product B,15855.23,10041.93,386,5813.299999999999,0.36664873357245525,41.075725388601036,2022,12
2022-12-01,East,Product C,17711.52,9026.61,421,8684.91,0.49035373587360087,42.07011876484561,2022,12
2022-12-01,East,Product D,14399.85,12181.02,341,2218.83,0.1540870217398098,42.2282991202346,2022,12
2022-12-01,West,Product A,20967.49,12770.58,427,8196.910000000002,0.39093425107153984,49.10419203747073,2022,12
2022-12-01,West,Product B,10871.32,6661.25,225,4210.07,0.38726392011273697,48.31697777777778,2022,12
2022-12-01,West,Product C,10732.24,5708.38,235,5023.86,0.46810917385373413,45.669106382978725,2022,12
2022-12-01,West,Product D,16907.88,13070.02,369,3837.8600000000006,0.22698647021388846,45.82081300813008,2022,12
2023-01-01,North,Product A,11323.7,8096.98,243,3226.720000000001,0.28495279811369084,46.59958847736626,2023,1
2023-01-01,North,Product B,15118.01,9272.96,353,5845.050000000001,0.38662826655095484,42.827223796034,2023,1
2023-01-01,North,Product C,21991.51,10521.5,490,11470.009999999998,0.5215653677259997,44.88063265306122,2023,1
2023-01-01,North,Product D,19640.37,15428.1,438,4212.269999999999,0.21446999216409868,44.84102739726027,2023,1
2023-01-01,South,Product A,6569.06,6655.68,172,-86.61999999999989,-0.013186057061436475,38.19220930232559,2023,1
2023-01-01,South,Product B,16013.45,10258.45,395,5755.0,0.3593853916551399,40.54037974683545,2023,1
2023-01-01,South,Product C,17140.13,9402.82,439,7737.310000000001,0.4514148959196926,39.04357630979499,2023,1
2023-01-01,South,Product D,16651.76,14066.02,399,2585.739999999998,0.1552832853704352,41.73373433583959,2023,1
2023-01-01,East,Product A,10656.83,8140.5,245,2516.33,0.23612368781335538,43.49726530612245,2023,1
2023-01-01,East,Product B,20274.24,12284.17,474,7990.0700000000015,0.39409960619978857,42.772658227848105,2023,1
2023-01-01,East,Product C,6632.4,4728.38,165,1904.0199999999995,0.2870785839213557,40.196363636363635,2023,1
2023-01-01,East,Product D,17370.88,13964.4,396,3406.4800000000014,0.19610290324957638,43.86585858585859,2023,1
2023-01-01,West,Product A,15484.95,9617.62,309,5867.33,0.37890532420188633,50.113106796116504,2023,1
2023-01-01,West,Product B,14703.97,8140.82,301,6563.15,0.4463522436457637,48.85039867109634,2023,1
2023-01-01,West,Product C,15190.59,6956.16,312,8234.43,0.5420744026400555,48.68778846153846,2023,1
2023-01-01,West,Product D,16248.81,11781.6,328,4467.209999999999,0.2749253637651003,49.53905487804878,2023,1
2023-02-01,North,Product A,18551.27,12481.78,417,6069.49,0.32717382691319785,44.48745803357314,2023,2
2023-02-01,North,Product B,14843.23,8478.8,317,6364.43,0.42877662072203965,46.82406940063091,2023,2
2023-02-01,North,Product C,8488.69,5102.73,193,3385.960000000001,0.39887897897084246,43.98284974093264,2023,2
2023-02-01,North,Product D,6955.76,7402.02,161,-446.2600000000002,-0.0641569001805698,43.203478260869566,2023,2
2023-02-01,South,Product A,15427.86,12056.08,402,3371.7800000000007,0.2185513739429837,38.37776119402985,2023,2
2023-02-01,South,Product B,7239.7,5949.41,184,1290.29,0.17822423581087615,39.34619565217391,2023,2
2023-02-01,South,Product C,9386.94,5768.81,239,3618.13,0.3854429665045265,39.27589958158996,2023,2
2023-02-01,South,Product D,9407.64,9274.02,239,133.61999999999898,0.014203349617969967,39.362510460251045,2023,2
2023-02-01,East,Product A,10846.12,8561.92,264,2284.2000000000007,0.21060065719354024,41.08378787878788,2023,2
2023-02-01,East,Product B,14769.5,9092.45,345,5677.049999999999,0.3843765868851349,42.81014492753623,2023,2
2023-02-01,East,Product C,11188.43,6141.53,263,5046.900000000001,0.4510820553017716,42.541558935361216,2023,2
2023-02-01,East,Product D,15838.51,12972.9,366,2865.6100000000006,0.1809267412149249,43.2746174863388,2023,2
2023-02-01,West,Product A,19195.65,11944.08,398,7251.5700000000015,0.3777715263614413,48.230276381909555,2023,2
2023-02-01,West,Product B,16492.27,9003.06,341,7489.210000000001,0.4541042561151376,48.36442815249267,2023,2
2023-02-01,West,Product C,11799.98,5906.56,248,5893.419999999999,0.4994432193952871,47.58056451612903,2023,2
2023-02-01,West,Product D,11572.78,9430.62,245,2142.16,0.1851033200320061,47.23583673469388,2023,2
2023-03-01,North,Product A,15349.38,10366.42,339,4982.959999999999,0.3246359136329936,45.278407079646016,2023,3
2023-03-01,North,Product B,18631.76,10800.0,417,7831.759999999998,0.42034461586023003,44.680479616306954,2023,3
2023-03-01,North,Product C,7464.89,4689.66,162,2775.2300000000005,0.37177105087951734,46.07956790123457,2023,3
2023-03-01,North,Product D,20363.0,15320.62,435,5042.379999999999,0.24762461326916463,46.811494252873565,2023,3
2023-03-01,South,Product A,8437.1,7422.42,211,1014.6800000000003,0.12026407177821766,39.98625592417062,2023,3
2023-03-01,South,Product B,14376.55,9571.21,366,4805.34,0.3342484810333495,39.2801912568306,2023,3
2023-03-01,South,Product C,12902.38,7381.44,336,5520.94,0.42790089890392313,38.39994047619047,2023,3
2023-03-01,South,Product D,9472.79,9536.02,249,-63.22999999999956,-0.006674907814909817,38.04333333333334,2023,3
2023-03-01,East,Product A,16600.96,11502.48,382,5098.48,0.30711958826477503,43.45801047120418,2023,3
2023-03-01,East,Product B,17073.82,10725.13,414,6348.6900000000005,0.37183770240051733,41.24111111111111,2023,3
2023-03-01,East,Product C,15173.56,7730.38,355,7443.179999999999,0.49053616949483175,42.74242253521127,2023,3
2023-03-01,East,Product D,8504.0,8324.02,201,179.97999999999956,0.021164158043273703,42.308457711442784,2023,3
2023-03-01,West,Product A,13991.49,9232.98,293,4758.51,0.3401003038275409,47.752525597269624,2023,3
2023-03-01,West,Product B,12025.95,7087.07,248,4938.880000000001,0.4106852265309602,48.49173387096774,2023,3
2023-03-01,West,Product C,9978.72,5228.06,202,4750.659999999999,0.47607909631696244,49.399603960396036,2023,3
2023-03-01,West,Product D,9505.79,8444.9,206,1060.8900000000012,0.11160461150519853,46.144611650485444,2023,3
2023-04-01,North,Product A,14841.71,10138.0,330,4703.709999999999,0.31692507130243075,44.97487878787879,2023,4
2023-04-01,North,Product B,15996.53,9710.91,372,6285.620000000001,0.39293646809651844,43.001424731182794,2023,4
2023-04-01,North,Product C,14584.34,6956.16,312,7628.18,0.5230390953584462,46.74467948717949,2023,4
2023-04-01,North,Product D,17635.68,13562.4,384,4073.2800000000007,0.23096812824909504,45.92625,2023,4
2023-04-01,South,Product A,14965.92,11666.88,388,3299.040000000001,0.22043683248340235,38.571958762886595,2023,4
2023-04-01,South,Product B,9220.57,6625.12,223,2595.45,0.28148476721070387,41.34784753363228,2023,4
2023-04-01,South,Product C,16624.28,8640.06,402,7984.219999999999,0.4802746344503341,41.3539303482587,2023,4
2023-04-01,South,Product D,13179.65,11630.23,323,1549.42,0.11756154374357439,40.80386996904025,2023,4
2023-04-01,East,Product A,13259.53,9863.22,319,3396.3100000000013,0.25614105477343474,41.56592476489028,2023,4
2023-04-01,East,Product B,18518.21,11179.23,432,7338.98,0.39631152254996566,42.86622685185185,2023,4
2023-04-01,East,Product C,6476.62,4587.74,154,1888.88,0.2916459511288296,42.055974025974024,2023,4
2023-04-01,East,Product D,20662.64,17285.6,488,3377.040000000001,0.16343700514551873,42.341475409836065,2023,4
2023-04-01,West,Product A,23418.09,14058.0,470,9360.09,0.3996948512880427,49.82572340425532,2023,4
2023-04-01,West,Product B,14743.16,7995.85,294,6747.3099999999995,0.45765697448850856,50.146802721088434,2023,4
2023-04-01,West,Product C,17729.43,7937.34,366,9792.09,0.5523070961672203,48.441065573770494,2023,4
2023-04-01,West,Product D,20906.07,15536.03,441,5370.039999999999,0.25686511142457663,47.40605442176871,2023,4
2023-05-01,North,Product A,19608.8,12683.52,424,6925.279999999999,0.353172045204194,46.24716981132075,2023,5
2023-05-01,North,Product B,15200.47,8782.1,331,6418.369999999999,0.42224812785394134,45.92287009063444,2023,5
2023-05-01,North,Product C,16436.84,7656.01,351,8780.83,0.5342164308954762,46.82860398860399,2023,5
2023-05-01,North,Product D,8404.55,8015.6,188,388.9499999999989,0.04627850390562242,44.705053191489355,2023,5
2023-05-01,South,Product A,12250.62,9937.68,322,2312.9400000000005,0.18880187288480096,38.045403726708074,2023,5
2023-05-01,South,Product B,14865.49,9640.9,369,5224.59,0.3514576377906144,40.285880758807586,2023,5
2023-05-01,South,Product C,11427.16,6699.14,297,4728.0199999999995,0.41375284847678684,38.475286195286195,2023,5
2023-05-01,South,Product D,19241.68,16452.9,466,2788.779999999999,0.14493433005849796,41.29115879828326,2023,5
2023-05-01,East,Product A,6414.05,6250.0,150,164.05000000000018,0.025576663730404375,42.760333333333335,2023,5
2023-05-01,East,Product B,21838.74,12916.16,497,8922.580000000002,0.40856661144370054,43.941126760563385,2023,5
2023-05-01,East,Product C,14248.18,7454.0,340,6794.18,0.47684546377151327,41.90641176470589,2023,5
2023-05-01,East,Product D,19416.93,16267.03,461,3149.8999999999996,0.16222440931702384,42.119154013015184,2023,5
2023-05-01,West,Product A,13359.44,8607.12,266,4752.32,0.35572748558322803,50.22345864661654,2023,5
2023-05-01,West,Product B,9706.73,6100.48,193,3606.25,0.3715205841720126,50.29393782383419,2023,5
2023-05-01,West,Product C,14749.91,7131.26,322,7618.65,0.5165217957262112,45.80717391304348,2023,5
2023-05-01,West,Product D,13650.88,10892.1,298,2758.779999999999,0.20209539604772725,45.808322147651005,2023,5
2023-06-01,North,Product A,17093.04,10964.88,362,6128.160000000002,0.3585178528804707,47.21834254143646,2023,6
2023-06-01,North,Product B,16589.84,9851.91,378,6737.93,0.4061479797273512,43.88846560846561,2023,6
2023-06-01,North,Product C,13945.11,6682.24,296,7262.870000000001,0.5208184087468655,47.11185810810811,2023,6
2023-06-01,North,Product D,8934.13,8204.4,196,729.7299999999996,0.08167890997780418,45.58229591836734,2023,6
2023-06-01,South,Product A,6386.01,6487.38,163,-101.36999999999989,-0.015873761550639583,39.1779754601227,2023,6
2023-06-01,South,Product B,6076.53,5405.0,150,671.5299999999997,0.11051208502220836,40.5102,2023,6
2023-06-01,South,Product C,16974.69,8760.96,408,8213.73,0.4838810016559949,41.604632352941174,2023,6
2023-06-01,South,Product D,6735.4,7402.02,161,-666.6200000000008,-0.09897259257059726,41.83478260869565,2023,6
2023-06-01,East,Product A,18372.06,12596.82,421,5775.240000000002,0.314349071361622,43.6390973871734,2023,6
2023-06-01,East,Product B,12599.48,8224.45,305,4375.029999999999,0.34723893367027836,41.30977049180328,2023,6
2023-06-01,East,Product C,11027.02,6269.61,271,4757.410000000001,0.43143206414788404,40.69011070110701,2023,6
2023-06-01,East,Product D,9925.84,9274.02,239,651.8199999999997,0.06566900131374269,41.53071129707113,2023,6
2023-06-01,West,Product A,22506.72,13904.5,465,8602.220000000001,0.3822067364769278,48.401548387096774,2023,6
2023-06-01,West,Product B,17464.64,9640.9,369,7823.74,0.44797602469904907,47.32964769647696,2023,6
2023-06-01,West,Product C,18975.85,8147.93,377,10827.919999999998,0.5706158090414921,50.33381962864721,2023,6
2023-06-01,West,Product D,13801.2,10776.9,294,3024.300000000001,0.2191331188592297,46.94285714285714,2023,6
2023-07-01,North,Product A,16411.97,10938.42,361,5473.550000000001,0.33350962742437384,45.462520775623275,2023,7
2023-07-01,North,Product B,16914.41,10113.78,389,6800.629999999999,0.4020613193129408,43.48177377892031,2023,7
2023-07-01,North,Product C,8403.12,5130.38,195,3272.7400000000007,0.3894672454992908,43.09292307692308,2023,7
2023-07-01,North,Product D,10308.35,9068.02,231,1240.33,0.12032284507219874,44.62489177489178,2023,7
2023-07-01,South,Product A,13996.97,10546.32,346,3450.6499999999996,0.24652835577985804,40.45367052023121,2023,7
2023-07-01,South,Product B,6635.22,5545.06,159,1090.1599999999999,0.16429899837533643,41.730943396226415,2023,7
2023-07-01,South,Product C,15720.68,8421.22,391,7299.460000000001,0.46432215400351645,40.20634271099744,2023,7
2023-07-01,South,Product D,5868.24,7248.9,154,-1380.6599999999999,-0.23527667580058073,38.10545454545454,2023,7
2023-07-01,East,Product A,18906.68,13092.88,438,5813.800000000001,0.30749978314542803,43.16593607305936,2023,7
2023-07-01,East,Product B,12993.74,8016.45,295,4977.29,0.3830529162504406,44.04657627118644,2023,7
2023-07-01,East,Product C,13523.23,7202.14,326,6321.089999999999,0.46742457238396445,41.48230061349693,2023,7
2023-07-01,East,Product D,17886.39,15178.03,431,2708.3599999999988,0.15142015800840744,41.499744779582365,2023,7
2023-07-01,West,Product A,24343.77,14713.62,491,9630.15,0.395589918899168,49.57997963340122,2023,7
2023-07-01,West,Product B,16177.42,8672.97,326,7504.450000000001,0.46388422875835583,49.62398773006135,2023,7
2023-07-01,West,Product C,11306.86,5891.14,247,5415.72,0.4789764797653814,45.776761133603245,2023,7
2023-07-01,West,Product D,22885.31,16230.0,460,6655.310000000001,0.2908114419249729,49.75067391304348,2023,7
2023-08-01,North,Product A,16348.06,10546.32,346,5801.74,0.35488859228556785,47.24872832369942,2023,8
2023-08-01,North,Product B,18461.77,10576.35,408,7885.42,0.42712155985043687,45.249436274509804,2023,8
2023-08-01,North,Product C,9494.29,5228.06,202,4266.2300000000005,0.4493469232559781,47.00143564356436,2023,8
2023-08-01,North,Product D,10176.23,9093.6,232,1082.6299999999992,0.10638812212381199,43.86306034482759,2023,8
2023-08-01,South,Product A,8812.18,7754.58,227,1057.6000000000004,0.12001570553483931,38.82017621145375,2023,8
2023-08-01,South,Product B,6272.43,5405.0,150,867.4300000000003,0.13829249589074732,41.8162,2023,8
2023-08-01,South,Product C,13745.43,7711.74,354,6033.6900000000005,0.4389597124280579,38.82889830508475,2023,8
2023-08-01,South,Product D,16687.98,15392.23,437,1295.75,0.07764570667031001,38.18759725400457,2023,8
2023-08-01,East,Product A,9851.97,8118.72,244,1733.249999999999,0.1759292811488463,40.37692622950819,2023,8
2023-08-01,East,Product B,12723.67,8182.56,303,4541.11,0.35690252890871893,41.992310231023104,2023,8
2023-08-01,East,Product C,11585.6,6205.34,267,5380.26,0.46439200386686924,43.39176029962547,2023,8
2023-08-01,East,Product D,19783.02,16045.62,455,3737.3999999999996,0.18891958861690478,43.47916483516484,2023,8
2023-08-01,West,Product A,10199.99,7260.18,203,2939.8099999999995,0.2882169492323031,50.246256157635464,2023,8
2023-08-01,West,Product B,18327.67,9687.54,371,8640.129999999997,0.4714254457877078,49.40072776280323,2023,8
2023-08-01,West,Product C,12503.0,6109.81,261,6393.19,0.5113324802047509,47.90421455938697,2023,8
2023-08-01,West,Product D,17574.44,12652.4,356,4922.039999999999,0.2800680988981725,49.36640449438202,2023,8
2023-09-01,North,Product A,9970.13,7504.5,215,2465.629999999999,0.24730169014847342,46.3726976744186,2023,9
2023-09-01,North,Product B,10927.65,7163.07,252,3764.58,0.34450041866275,43.36369047619048,2023,9
2023-09-01,North,Product C,18911.99,8620.01,401,10291.980000000001,0.544203967958951,47.16206982543641,2023,9
2023-09-01,North,Product D,20659.11,16045.62,455,4613.49,0.22331504116101805,45.40463736263737,2023,9
2023-09-01,South,Product A,17495.38,13004.5,435,4490.880000000001,0.2566894803085158,40.219264367816095,2023,9
2023-09-01,South,Product B,18366.73,11829.28,457,6537.449999999999,0.35593978895535566,40.18978118161925,2023,9
2023-09-01,South,Product C,19159.71,10385.84,484,8773.869999999999,0.4579333403271761,39.58617768595041,2023,9
2023-09-01,South,Product D,15877.39,13964.4,396,1912.9899999999998,0.12048516790228116,40.094419191919194,2023,9
2023-09-01,East,Product A,10094.24,7818.0,230,2276.24,0.2254988983816513,43.888,2023,9
2023-09-01,East,Product B,12568.21,7852.64,287,4715.569999999999,0.3751982183620419,43.79167247386759,2023,9
2023-09-01,East,Product C,20659.01,10273.61,479,10385.399999999998,0.5027055991550418,43.129457202505215,2023,9
2023-09-01,East,Product D,20454.07,17324.03,489,3130.040000000001,0.15302773482245835,41.82836400817996,2023,9
2023-09-01,West,Product A,8890.12,6865.78,183,2024.340000000001,0.22770671262030218,48.57989071038252,2023,9
2023-09-01,West,Product B,16497.76,9295.69,354,7202.069999999998,0.43654835565555555,46.6038418079096,2023,9
2023-09-01,West,Product C,8976.52,5088.96,192,3887.5600000000004,0.43308097124498135,46.75270833333334,2023,9
2023-09-01,West,Product D,12016.84,9830.0,260,2186.84,0.1819812862616129,46.21861538461538,2023,9
2023-10-01,North,Product A,15066.64,10188.48,332,4878.16,0.3237722544641672,45.38144578313253,2023,10
2023-10-01,North,Product B,6838.97,5513.68,157,1325.29,0.19378502903214956,43.56031847133758,2023,10
2023-10-01,North,Product C,14852.62,7327.34,333,7525.280000000001,0.5066634708219829,44.60246246246246,2023,10
2023-10-01,North,Product D,15503.59,12274.4,344,3229.1900000000005,0.20828659684627887,45.06857558139535,2023,10
2023-10-01,South,Product A,11954.99,9617.62,309,2337.369999999999,0.19551417441587146,38.689288025889965,2023,10
2023-10-01,South,Product B,10540.65,7531.94,271,3008.71,0.28543875377704414,38.895387453874534,2023,10
2023-10-01,South,Product C,16475.87,9130.14,426,7345.73,0.44584777617206256,38.67575117370892,2023,10
2023-10-01,South,Product D,9493.1,9326.02,241,167.07999999999993,0.017600151689121563,39.39045643153527,2023,10
2023-10-01,East,Product A,6886.61,6636.82,171,249.78999999999996,0.03627183766758971,40.272573099415204,2023,10
2023-10-01,East,Product B,6321.69,5405.0,150,916.6899999999996,0.14500711044040432,42.1446,2023,10
2023-10-01,East,Product C,6563.42,4676.81,161,1886.6099999999997,0.28744313178190634,40.766583850931674,2023,10
2023-10-01,East,Product D,7400.66,7899.23,183,-498.5699999999997,-0.06736831579886114,40.440765027322406,2023,10
2023-10-01,West,Product A,17951.4,11097.78,367,6853.620000000001,0.3817874928974899,48.913896457765674,2023,10
2023-10-01,West,Product B,10221.54,6607.11,222,3614.430000000001,0.3536091430449816,46.042972972972976,2023,10
2023-10-01,West,Product C,9528.33,5144.24,196,4384.09,0.4601110582861845,48.61392857142857,2023,10
2023-10-01,West,Product D,18645.71,13695.6,388,4950.109999999999,0.26548251581731125,48.05595360824742,2023,10
2023-11-01,North,Product A,12004.85,8382.72,256,3622.130000000001,0.3017222206025066,46.8939453125,2023,11
2023-11-01,North,Product B,8979.95,6393.8,210,2586.1500000000005,0.2879915812448845,42.76166666666667,2023,11
2023-11-01,North,Product C,20452.66,9445.22,441,11007.44,0.5381911203726069,46.377913832199546,2023,11
2023-11-01,North,Product D,11904.69,9884.1,262,2020.5900000000001,0.16973058517273446,45.437748091603055,2023,11
2023-11-01,South,Product A,12777.5,10112.82,329,2664.6800000000003,0.20854470749364118,38.83738601823708,2023,11
2023-11-01,South,Product B,11508.14,7631.17,276,3876.9699999999993,0.3368893670045724,41.69615942028985,2023,11
2023-11-01,South,Product C,6597.1,4702.53,163,1894.5700000000006,0.2871822467447819,40.473006134969324,2023,11
2023-11-01,South,Product D,9045.98,8966.23,227,79.75,0.008816070785033794,39.850132158590306,2023,11
2023-11-01,East,Product A,12136.38,9472.18,303,2664.199999999999,0.21952180139382577,40.05405940594059,2023,11
2023-11-01,East,Product B,18651.64,11935.38,461,6716.26,0.3600895149166508,40.45908893709328,2023,11
2023-11-01,East,Product C,6636.3,4562.56,152,2073.74,0.31248436628844384,43.659868421052636,2023,11
2023-11-01,East,Product D,16659.73,13662.23,387,2997.5,0.17992488473702756,43.048397932816535,2023,11
2023-11-01,West,Product A,20197.23,12654.58,423,7542.65,0.37344972553166944,47.74758865248227,2023,11
2023-11-01,West,Product B,17862.4,9804.77,376,8057.630000000001,0.4510944777857399,47.50638297872341,2023,11
2023-11-01,West,Product C,15990.3,7472.22,341,8518.079999999998,0.5327029511641431,46.89237536656891,2023,11
2023-11-01,West,Product D,8088.25,7761.23,177,327.02000000000044,0.040431490124563464,45.69632768361582,2023,11
2023-12-01,North,Product A,18442.04,12625.68,422,5816.360000000001,0.3153859334433718,43.70151658767773,2023,12
2023-12-01,North,Product B,11904.46,7611.25,275,4293.209999999999,0.36063878579960784,43.28894545454545,2023,12
2023-12-01,North,Product C,13022.19,6648.54,294,6373.650000000001,0.4894453237128317,44.29316326530613,2023,12
2023-12-01,North,Product D,7970.24,7692.9,174,277.34000000000015,0.034796944634038644,45.80597701149425,2023,12
2023-12-01,South,Product A,8768.58,7525.12,216,1243.46,0.14180859386582548,40.595277777777774,2023,12
2023-12-01,South,Product B,11312.57,8016.45,295,3296.12,0.2913679208172856,38.34769491525424,2023,12
2023-12-01,South,Product C,10646.3,6094.0,260,4552.299999999999,0.42759456336943347,40.94730769230769,2023,12
2023-12-01,South,Product D,10655.26,9830.0,260,825.2600000000002,0.07745094910870313,40.98176923076923,2023,12
2023-12-01,East,Product A,15567.8,11584.5,385,3983.2999999999993,0.2558678811392746,40.43584415584415,2023,12
2023-12-01,East,Product B,10356.24,7125.0,250,3231.24,0.3120089916803782,41.42496,2023,12
2023-12-01,East,Product C,18296.7,9234.42,431,9062.28,0.4952958730262834,42.45174013921114,2023,12
2023-12-01,East,Product D,20436.12,16378.4,464,4057.7199999999993,0.19855628172079628,44.043362068965514,2023,12
2023-12-01,West,Product A,18930.89,11393.68,378,7537.209999999999,0.39814345759760894,50.08171957671958,2023,12
2023-12-01,West,Product B,13957.8,8099.22,299,5858.579999999999,0.41973520182263674,46.68160535117057,2023,12
2023-12-01,West,Product C,10244.95,5471.41,219,4773.540000000001,0.4659407805797003,46.78059360730594,2023,12
2023-12-01,West,Product D,7601.64,7227.23,153,374.41000000000076,0.04925384522287306,49.683921568627454,2023,12
2024-01-01,North,Product A,21657.78,13965.78,467,7691.999999999998,0.35516105528821507,46.37640256959315,2024,1
2024-01-01,North,Product B,14082.42,8140.82,301,5941.6,0.42191611953059205,46.785448504983385,2024,1
2024-01-01,North,Product C,17021.01,8520.24,396,8500.769999999999,0.49942805979198646,42.98234848484848,2024,1
2024-01-01,North,Product D,8027.42,7830.0,180,197.42000000000007,0.02459320678374871,44.59677777777778,2024,1
2024-01-01,South,Product A,7767.97,6904.5,185,863.4700000000003,0.1111577413404017,41.98902702702703,2024,1
2024-01-01,South,Product B,6136.67,5482.45,155,654.2200000000003,0.10660830711118575,39.59141935483871,2024,1
2024-01-01,South,Product C,15376.08,7994.41,369,7381.67,0.4800748955520523,41.66959349593496,2024,1
2024-01-01,South,Product D,19973.85,17132.4,484,2841.449999999997,0.14225850299266277,41.26828512396694,2024,1
2024-01-01,East,Product A,9870.11,8096.98,243,1773.130000000001,0.17964642744609746,40.617736625514404,2024,1
2024-01-01,East,Product B,9242.51,6411.38,211,2831.13,0.3063161413944913,43.80336492890996,2024,1
2024-01-01,East,Product C,20399.22,10385.84,484,10013.380000000001,0.490870729371025,42.14714876033058,2024,1
2024-01-01,East,Product D,7188.28,7715.62,175,-527.3400000000001,-0.0733610822060354,41.07588571428571,2024,1
2024-01-01,West,Product A,20916.38,13420.02,449,7496.360000000001,0.3583966250374109,46.58436525612473,2024,1
2024-01-01,West,Product B,13086.36,7453.2,267,5633.160000000001,0.4304604183287026,49.01258426966292,2024,1
2024-01-01,West,Product C,17341.19,7842.81,361,9498.379999999997,0.5477351900302112,48.03653739612188,2024,1
2024-01-01,West,Product D,12613.53,9884.1,262,2729.4300000000003,0.21638906792943768,48.14324427480916,2024,1
2024-02-01,North,Product A,6824.67,6250.0,150,574.6700000000001,0.08420480404180716,45.4978,2024,2
2024-02-01,North,Product B,20233.98,12149.3,469,8084.68,0.3995595527918877,43.1428144989339,2024,2
2024-02-01,North,Product C,13519.89,6548.16,288,6971.73,0.5156646984553869,46.9440625,2024,2
2024-02-01,North,Product D,21760.69,17056.1,482,4704.59,0.2161967290559261,45.14665975103734,2024,2
2024-02-01,South,Product A,12237.85,9642.0,310,2595.8500000000004,0.212116507393047,39.47693548387097,2024,2
2024-02-01,South,Product B,6390.91,5545.06,159,845.8499999999995,0.13235204376215584,40.19440251572327,2024,2
2024-02-01,South,Product C,12042.47,6531.53,287,5510.94,0.45762538748280046,41.95982578397212,2024,2
2024-02-01,South,Product D,6599.6,7424.1,162,-824.5,-0.12493181404933631,40.73827160493828,2024,2
2024-02-01,East,Product A,9545.89,7881.78,233,1664.1099999999997,0.17432738068425258,40.96948497854077,2024,2
2024-02-01,East,Product B,9977.85,7125.0,250,2852.8500000000004,0.28591830905455584,39.9114,2024,2
2024-02-01,East,Product C,17554.3,8882.94,414,8671.359999999999,0.49397355633662404,42.40169082125604,2024,2
2024-02-01,East,Product D,7784.76,7992.23,187,-207.46999999999935,-0.02665078949126233,41.62973262032086,2024,2
2024-02-01,West,Product A,11205.25,8096.98,243,3108.2700000000004,0.2773940786684813,46.11213991769547,2024,2
2024-02-01,West,Product B,10809.96,6535.43,218,4274.529999999999,0.3954251449589082,49.586972477064215,2024,2
2024-02-01,West,Product C,18310.94,8303.38,385,10007.56,0.5465344761110025,47.56088311688311,2024,2
2024-02-01,West,Product D,13323.03,10548.9,286,2774.130000000001,0.20822065250922658,46.584020979020984,2024,2
2024-03-01,North,Product A,8633.1,6885.12,184,1747.9800000000005,0.20247419814435144,46.919021739130436,2024,3
2024-03-01,North,Product B,21262.18,12149.3,469,9112.880000000001,0.42859575076497336,45.33513859275053,2024,3
2024-03-01,North,Product C,21699.14,10051.42,469,11647.72,0.5367825637329405,46.26682302771855,2024,3
2024-03-01,North,Product D,19272.74,14650.4,416,4622.340000000002,0.2398382378426732,46.32870192307693,2024,3
2024-03-01,South,Product A,17262.02,12539.22,419,4722.800000000001,0.27359486317360315,41.198138424821,2024,3
2024-03-01,South,Product B,17009.11,11384.8,440,5624.310000000001,0.3306645673994701,38.65706818181818,2024,3
2024-03-01,South,Product C,5997.19,4587.74,154,1409.4499999999998,0.23501840028413307,38.9427922077922,2024,3
2024-03-01,South,Product D,9100.94,8966.23,227,134.71000000000095,0.014801767729487388,40.09224669603525,2024,3
2024-03-01,East,Product A,11585.08,8951.22,281,2633.8600000000006,0.22734931480835702,41.22804270462633,2024,3
2024-03-01,East,Product B,7935.72,6066.66,191,1869.0600000000004,0.23552494291633277,41.5482722513089,2024,3
2024-03-01,East,Product C,18600.19,9530.38,445,9069.81,0.4876192124919154,41.79817977528089,2024,3
2024-03-01,East,Product D,10495.24,9642.23,253,853.0100000000002,0.08127589269040063,41.48316205533597,2024,3
2024-03-01,West,Product A,15939.39,10087.68,328,5851.709999999999,0.36712258122801433,48.59570121951219,2024,3
2024-03-01,West,Product B,8205.43,5752.51,172,2452.92,0.2989386296635277,47.705988372093024,2024,3
2024-03-01,West,Product C,14286.33,6784.06,302,7502.2699999999995,0.5251362666269084,47.305728476821194,2024,3
2024-03-01,West,Product D,22877.59,16156.1,458,6721.49,0.29380236292371703,49.95106986899563,2024,3
2024-04-01,North,Product A,8135.9,6962.88,188,1173.0199999999995,0.14417827161100796,43.27606382978723,2024,4
2024-04-01,North,Product B,12522.09,7771.6,283,4750.49,0.37936877949288017,44.247667844522965,2024,4
2024-04-01,North,Product C,14516.32,7237.76,328,7278.5599999999995,0.5014053148456358,44.25707317073171,2024,4
2024-04-01,North,Product D,7659.43,7468.4,164,191.03000000000065,0.024940498183285264,46.70384146341463,2024,4
2024-04-01,South,Product A,17578.62,13092.88,438,4485.74,0.255181578531193,40.133835616438354,2024,4
2024-04-01,South,Product B,15311.19,9899.2,380,5411.99,0.3534663210370977,40.292605263157895,2024,4
2024-04-01,South,Product C,11813.65,6852.54,306,4961.11,0.4199472643933077,38.60669934640523,2024,4
2024-04-01,South,Product D,10043.67,9456.9,246,586.7700000000004,0.05842187168634577,40.82792682926829,2024,4
2024-04-01,East,Product A,17537.89,13092.88,438,4445.01,0.25345181204808565,40.04084474885845,2024,4
2024-04-01,East,Product B,10081.28,6844.05,235,3237.2300000000005,0.32111299358811585,42.89906382978724,2024,4
2024-04-01,East,Product C,6711.69,4587.74,154,2123.95,0.31645531900311247,43.58240259740259,2024,4
2024-04-01,East,Product D,11574.26,10020.23,267,1554.0300000000007,0.1342660351504114,43.34928838951311,2024,4
2024-04-01,West,Product A,14604.85,9593.28,308,5011.57,0.3431442294854106,47.41834415584416,2024,4
2024-04-01,West,Product B,17702.13,9548.05,365,8154.080000000002,0.46062705448440394,48.49898630136987,2024,4
2024-04-01,West,Product C,8106.03,4715.44,164,3390.59,0.41827997182344506,49.42701219512195,2024,4
2024-04-01,West,Product D,19653.15,14442.5,410,5210.6500000000015,0.26513052614975213,47.934512195121954,2024,4
2024-05-01,North,Product A,21758.06,14150.58,473,7607.480000000001,0.3496396277976989,46.00012684989429,2024,5
2024-05-01,North,Product B,11942.57,7691.14,279,4251.429999999999,0.3559895399398956,42.804910394265235,2024,5
2024-05-01,North,Product C,12110.41,6157.44,264,5952.97,0.4915580892802143,45.87276515151515,2024,5
2024-05-01,North,Product D,20274.01,15536.03,441,4737.979999999998,0.23369723108551282,45.972811791383215,2024,5
2024-05-01,South,Product A,17013.36,12916.48,432,4096.880000000001,0.24080369779984676,39.38277777777778,2024,5
2024-05-01,South,Product B,6693.81,5560.8,160,1133.0100000000002,0.1692623483486983,41.836312500000005,2024,5
2024-05-01,South,Product C,7276.06,5020.53,187,2255.5300000000007,0.30999332056085305,38.90941176470589,2024,5
2024-05-01,South,Product D,6853.86,7647.6,172,-793.7400000000007,-0.11580919365146074,39.84802325581395,2024,5
2024-05-01,East,Product A,19159.74,13480.02,451,5679.720000000001,0.2964403483554579,42.48279379157428,2024,5
2024-05-01,East,Product B,15546.91,9594.4,367,5952.51,0.3828741531275347,42.36215258855586,2024,5
2024-05-01,East,Product C,15246.05,7805.22,359,7440.829999999999,0.48804969155945305,42.46810584958217,2024,5
2024-05-01,East,Product D,11166.9,9830.0,260,1336.8999999999996,0.11971988645013384,42.949615384615385,2024,5
2024-05-01,West,Product A,16023.73,9888.0,320,6135.73,0.382915213873424,50.07415625,2024,5
2024-05-01,West,Product B,23362.61,12257.12,473,11105.49,0.4753531390542409,49.39241014799155,2024,5
2024-05-01,West,Product C,21655.68,9466.46,442,12189.220000000001,0.5628648003664628,48.99475113122172,2024,5
2024-05-01,West,Product D,12572.01,9695.62,255,2876.3899999999994,0.22879316831596533,49.302,2024,5
2024-06-01,North,Product A,19829.37,13033.92,436,6795.449999999999,0.3426962127389826,45.48020642201835,2024,6
2024-06-01,North,Product B,9212.8,6220.0,200,2992.7999999999993,0.3248523792983674,46.06399999999999,2024,6
2024-06-01,North,Product C,20706.73,9530.38,445,11176.35,0.5397448076060296,46.53197752808989,2024,6
2024-06-01,North,Product D,18627.97,14650.4,416,3977.5700000000015,0.2135267557334482,44.77877403846154,2024,6
2024-06-01,South,Product A,17563.57,13480.02,451,4083.5499999999993,0.23250113729725785,38.94361419068736,2024,6
2024-06-01,South,Product B,20471.02,12860.45,495,7610.57,0.37177287697437644,41.35559595959596,2024,6
2024-06-01,South,Product C,13686.84,7291.41,331,6395.43,0.46726855870310463,41.34996978851964,2024,6
2024-06-01,South,Product D,6221.94,7162.5,150,-940.5600000000004,-0.1511682851329329,41.4796,2024,6
2024-06-01,East,Product A,8334.43,7280.32,204,1054.1100000000006,0.12647655568527189,40.85504901960785,2024,6
2024-06-01,East,Product B,12364.94,8078.47,298,4286.47,0.3466632268332883,41.49308724832215,2024,6
2024-06-01,East,Product C,18918.99,9810.46,458,9108.530000000002,0.48144906255566505,41.3078384279476,2024,6
2024-06-01,East,Product D,18442.79,16304.1,462,2138.6900000000005,0.11596347407306597,39.919458874458876,2024,6
2024-06-01,West,Product A,20904.93,13152.0,440,7752.93,0.37086610670306003,47.51120454545455,2024,6
2024-06-01,West,Product B,8655.61,5784.97,174,2870.6400000000003,0.33165080219649457,49.744885057471265,2024,6
2024-06-01,West,Product C,20937.27,9487.74,443,11449.53,0.5468492310602099,47.262460496614,2024,6
2024-06-01,West,Product D,17198.98,12748.02,359,4450.959999999999,0.2587920911588943,47.90802228412256,2024,6
2024-07-01,North,Product A,22213.35,14872.32,496,7341.029999999999,0.33047829345866336,44.784979838709674,2024,7
2024-07-01,North,Product B,17353.54,10380.0,400,6973.540000000001,0.40185114967897045,43.38385,2024,7
2024-07-01,North,Product C,13650.15,6767.01,301,6883.139999999999,0.5042537994087977,45.34933554817275,2024,7
2024-07-01,North,Product D,14684.97,11812.02,329,2872.949999999999,0.19563880620797994,44.63516717325228,2024,7
2024-07-01,South,Product A,19348.23,14776.98,493,4571.25,0.23626192163314164,39.24590263691683,2024,7
2024-07-01,South,Product B,17499.9,11230.41,434,6269.490000000002,0.35825861862067787,40.32235023041475,2024,7
2024-07-01,South,Product C,11625.24,6733.01,299,4892.23,0.4208283011791584,38.88040133779264,2024,7
2024-07-01,South,Product D,7665.0,8252.1,198,-587.1000000000004,-0.07659491193737773,38.71212121212121,2024,7
2024-07-01,East,Product A,9745.87,7881.78,233,1864.090000000001,0.19126973784792953,41.82776824034335,2024,7
2024-07-01,East,Product B,12367.5,8057.76,297,4309.74,0.3484730139478472,41.64141414141414,2024,7
2024-07-01,East,Product C,9346.42,5370.16,212,3976.26,0.42543134162599155,44.08688679245283,2024,7
2024-07-01,East,Product D,8149.34,8252.1,198,-102.76000000000022,-0.012609610103394902,41.15828282828283,2024,7
2024-07-01,West,Product A,17128.89,11258.58,373,5870.3099999999995,0.3427139762121188,45.92195710455764,2024,7
2024-07-01,West,Product B,17344.09,9524.93,364,7819.16,0.4508256126438458,47.6485989010989,2024,7
2024-07-01,West,Product C,17019.74,7824.0,360,9195.740000000002,0.5402985004471279,47.27705555555556,2024,7
2024-07-01,West,Product D,14280.2,11154.23,307,3125.970000000001,0.2189023963249815,46.51530944625407,2024,7
2024-08-01,North,Product A,20233.83,13004.5,435,7229.330000000002,0.3572892527020342,46.51455172413794,2024,8
2024-08-01,North,Product B,7231.68,5688.03,168,1543.6500000000005,0.213456624186911,43.04571428571429,2024,8
2024-08-01,North,Product C,10433.66,5588.93,227,4844.73,0.46433657987705174,45.96325991189427,2024,8
2024-08-01,North,Product D,15488.18,12243.23,343,3244.9500000000007,0.2095113822282541,45.15504373177843,2024,8
2024-08-01,South,Product A,10376.0,8516.88,262,1859.1200000000008,0.17917501927525065,39.603053435114504,2024,8
2024-08-01,South,Product B,12934.35,8436.05,315,4498.300000000001,0.3477793627047359,41.06142857142857,2024,8
2024-08-01,South,Product C,10882.49,6432.41,281,4450.08,0.4089211200745418,38.727722419928824,2024,8
2024-08-01,South,Product D,8524.03,8396.4,204,127.63000000000102,0.014972964665774406,41.78446078431373,2024,8
2024-08-01,East,Product A,17936.08,13063.38,437,4872.700000000003,0.27167028693003165,41.04366132723113,2024,8
2024-08-01,East,Product B,12942.79,8350.98,311,4591.810000000001,0.35477744752097506,41.616688102893896,2024,8
2024-08-01,East,Product C,10386.72,5723.44,236,4663.28,0.44896560223054055,44.01152542372881,2024,8
2024-08-01,East,Product D,18750.4,15392.23,437,3358.170000000002,0.17909857923030983,42.9070938215103,2024,8
2024-08-01,West,Product A,23684.05,14936.08,498,8747.97,0.36936123678171595,47.55833333333333,2024,8
2024-08-01,West,Product B,21559.45,11961.99,462,9597.460000000001,0.44516256212472954,46.66547619047619,2024,8
2024-08-01,West,Product C,18460.62,8680.24,404,9780.38,0.5297969407311347,45.69460396039604,2024,8
2024-08-01,West,Product D,9587.39,8372.23,203,1215.1599999999999,0.12674565236211313,47.22852216748768,2024,8
2024-09-01,North,Product A,16463.2,11393.68,378,5069.52,0.3079304145002187,43.55343915343916,2024,9
2024-09-01,North,Product B,11132.79,7049.29,246,4083.500000000001,0.3667993378119951,45.25524390243903,2024,9
2024-09-01,North,Product C,17840.56,8862.53,413,8978.03,0.5032370060132642,43.19748184019371,2024,9
2024-09-01,North,Product D,11563.82,9430.62,245,2133.199999999999,0.18447191326049686,47.19926530612245,2024,9
2024-09-01,South,Product A,18101.76,13063.38,437,5038.379999999999,0.2783364711497666,41.42279176201372,2024,9
2024-09-01,South,Product B,12109.2,8414.73,314,3694.470000000001,0.30509612526013286,38.564331210191085,2024,9
2024-09-01,South,Product C,14618.1,8051.76,372,6566.34,0.4491924395099226,39.295967741935485,2024,9
2024-09-01,South,Product D,6323.14,7292.4,156,-969.2599999999993,-0.1532877652558696,40.53294871794872,2024,9
2024-09-01,East,Product A,12639.67,9642.0,310,2997.67,0.23716362848080685,40.77312903225806,2024,9
2024-09-01,East,Product B,11963.04,8037.09,296,3925.9500000000007,0.3281732736829435,40.41567567567568,2024,9
2024-09-01,East,Product C,7881.05,4993.38,185,2887.67,0.36640676052048904,42.60027027027027,2024,9
2024-09-01,East,Product D,10082.97,9068.02,231,1014.9499999999989,0.1006598254284203,43.64922077922078,2024,9
2024-09-01,West,Product A,21966.68,13510.08,452,8456.6,0.38497396966678626,48.59884955752212,2024,9
2024-09-01,West,Product B,7495.24,5560.8,160,1934.4399999999996,0.2580891339036508,46.84525,2024,9
2024-09-01,West,Product C,16661.1,7527.04,344,9134.059999999998,0.5482267077203785,48.43343023255814,2024,9
2024-09-01,West,Product D,8212.71,7580.02,169,632.6899999999987,0.0770379083152819,48.59591715976331,2024,9
2024-10-01,North,Product A,18319.86,12140.5,405,6179.360000000001,0.3373038876934649,45.23422222222222,2024,10
2024-10-01,North,Product B,17484.3,9781.25,375,7703.049999999999,0.44056953952974953,46.6248,2024,10
2024-10-01,North,Product C,22713.13,10544.22,491,12168.910000000002,0.535765436115586,46.25892057026477,2024,10
2024-10-01,North,Product D,10731.36,9042.5,230,1688.8600000000006,0.15737613871867132,46.65808695652174,2024,10
2024-10-01,South,Product A,11282.26,8675.22,269,2607.040000000001,0.23107427058053978,41.941486988847586,2024,10
2024-10-01,South,Product B,14996.59,9524.93,364,5471.66,0.3648602782365858,41.199423076923075,2024,10
2024-10-01,South,Product C,14298.2,7786.46,358,6511.740000000001,0.4554237596340798,39.9391061452514,2024,10
2024-10-01,South,Product D,13988.75,12716.1,358,1272.6499999999996,0.09097667768742737,39.07472067039106,2024,10
2024-10-01,East,Product A,8095.84,6982.42,189,1113.42,0.13752989189509673,42.835132275132274,2024,10
2024-10-01,East,Product B,17622.75,11128.2,430,6494.549999999999,0.36853215304081366,40.98313953488372,2024,10
2024-10-01,East,Product C,16830.64,8500.38,395,8330.26,0.49494612207260097,42.60921518987342,2024,10
2024-10-01,East,Product D,6189.7,7227.23,153,-1037.5299999999997,-0.16762201722215936,40.455555555555556,2024,10
2024-10-01,West,Product A,8263.48,6769.68,178,1493.7999999999993,0.18077129732267752,46.42404494382022,2024,10
2024-10-01,West,Product B,17792.06,9524.93,364,8267.130000000001,0.4646527720792309,48.879285714285714,2024,10
2024-10-01,West,Product C,23744.6,10184.38,475,13560.22,0.5710864786098734,49.98863157894736,2024,10
2024-10-01,West,Product D,24261.01,17362.5,490,6898.509999999998,0.2843455404371046,49.512265306122444,2024,10
2024-11-01,North,Product A,8356.82,7002.0,190,1354.8199999999997,0.16212147682970313,43.98326315789473,2024,11
2024-11-01,North,Product B,7399.22,5656.01,166,1743.21,0.23559375177383562,44.573614457831326,2024,11
2024-11-01,North,Product C,9827.75,5559.38,225,4268.37,0.4343181297855562,43.67888888888889,2024,11
2024-11-01,North,Product D,21292.7,17401.03,491,3891.670000000002,0.18277015127250193,43.36598778004073,2024,11
2024-11-01,South,Product A,18048.49,13812.88,462,4235.610000000002,0.23467946626005842,39.065995670995676,2024,11
2024-11-01,South,Product B,14863.39,9617.63,368,5245.76,0.35293159904974575,40.389646739130434,2024,11
2024-11-01,South,Product C,16902.01,8944.33,417,7957.6799999999985,0.4708126429933481,40.532398081534765,2024,11
2024-11-01,South,Product D,17725.28,16156.1,458,1569.1799999999985,0.08852779758627217,38.7014847161572,2024,11
2024-11-01,East,Product A,13981.26,9937.68,322,4043.58,0.2892142768248355,43.42006211180124,2024,11
2024-11-01,East,Product B,14264.94,8958.58,339,5306.360000000001,0.37198614224805715,42.07946902654867,2024,11
2024-11-01,East,Product C,8815.27,5384.53,213,3430.7400000000007,0.3891814998292736,41.3862441314554,2024,11
2024-11-01,East,Product D,19736.88,16193.03,459,3543.8500000000004,0.17955472192160057,42.99973856209151,2024,11
2024-11-01,West,Product A,20991.33,13630.72,456,7360.610000000002,0.35065000645504607,46.03361842105264,2024,11
2024-11-01,West,Product B,19794.79,11153.7,431,8641.09,0.4365335525155862,45.92758700696056,2024,11
2024-11-01,West,Product C,19546.06,8923.84,416,10622.220000000001,0.5434455844298033,46.98572115384616,2024,11
2024-11-01,West,Product D,15353.09,11331.23,313,4021.8600000000006,0.2619576906016965,49.05140575079872,2024,11
2024-12-01,North,Product A,20200.59,13270.72,444,6929.870000000001,0.3430528514266168,45.49682432432432,2024,12
2024-12-01,North,Product B,20605.53,11882.26,459,8723.269999999999,0.42334606292582616,44.89222222222222,2024,12
2024-12-01,North,Product C,12231.28,6094.0,260,6137.280000000001,0.5017692342910963,47.04338461538462,2024,12
2024-12-01,North,Product D,9794.06,8740.1,218,1053.9599999999991,0.10761216492445412,44.926880733944955,2024,12
2024-12-01,South,Product A,15211.77,11972.02,399,3239.75,0.21297653067328784,38.124736842105264,2024,12
2024-12-01,South,Product B,11478.47,8057.76,297,3420.709999999999,0.2980109718455508,38.64804713804713,2024,12
2024-12-01,South,Product C,15014.84,8460.74,393,6554.1,0.4365081479389724,38.20569974554707,2024,12
2024-12-01,South,Product D,14379.28,12462.5,350,1916.7800000000007,0.1333015283101797,41.08365714285714,2024,12
2024-12-01,East,Product A,8927.86,7649.68,222,1278.1800000000003,0.14316756759178573,40.215585585585586,2024,12
2024-12-01,East,Product B,6911.2,5656.01,166,1255.1899999999996,0.1816167959254543,41.63373493975904,2024,12
2024-12-01,East,Product C,8986.17,5341.5,210,3644.67,0.40558658471851744,42.79128571428571,2024,12
2024-12-01,East,Product D,7989.66,8086.02,191,-96.36000000000058,-0.012060588310391253,41.83068062827225,2024,12
2024-12-01,West,Product A,21793.94,13152.0,440,8641.939999999999,0.3965294939786014,49.531681818181816,2024,12
2024-12-01,West,Product B,17241.04,9851.91,378,7389.130000000001,0.4285779744145365,45.61121693121693,2024,12
2024-12-01,West,Product C,12156.71,5953.02,251,6203.689999999999,0.5103099440555874,48.43310756972111,2024,12
2024-12-01,West,Product D,19974.67,14930.4,424,5044.269999999999,0.2525333334668357,47.11007075471698,2024,12
